filename,back_left_paw-x,back_left_wrist-x,back_right_paw-x,back_right_wrist-x,front_left_paw-x,front_right_paw-x,nose-x,tail_base-x,tail_end-x,tail_lower_midpoint-x,tail_midpoint-x,tail_upper_midpoint-x,back_left_paw-y,back_left_wrist-y,back_right_paw-y,back_right_wrist-y,front_left_paw-y,front_right_paw-y,nose-y,tail_base-y,tail_end-y,tail_lower_midpoint-y,tail_midpoint-y,tail_upper_midpoint-y,bbox_tl-x,bbox_tl-y,bbox_br-x,bbox_br-y
20241115-152700-409239_1-1108.png,709.69,731.5,822.46,805.67,855.85,905.24,938.4,777.06,821.5,820.43,794.48,782.67,612.22,588.51,588.44,562.24,707.23,649.43,706.06,535.65,315.71,356.24,411.75,465.96,692.1,309.5,959.3,725.2
20241115-152700-409239_1-1263.png,962.12,956.42,883.62,905.55,918.09,905.51,916.4,946.15,1044.92,1015.04,987.52,966.11,493.25,517.53,517.16,541.48,410.06,415.32,365.17,592.44,786.97,758.86,699.27,654.18,859.29,358.0,1061.18,801.87
20241115-152700-409239_1-1291.png,955.01,955.27,893.41,903.48,,,871.69,975.48,1051.93,1023.48,1011.91,1001.41,520.77,543.88,553.41,563.08,,,512.95,614.71,809.48,791.61,728.31,668.99,854.74,493.92,1075.36,832.06
20241115-152700-409239_1-1476.png,770.63,788.29,755.79,782.64,730.21,703.74,708.29,838.2,1043.98,1018.74,939.44,888.29,503.41,522.19,576.5,579.59,480.51,515.89,489.3,570.98,587.16,611.53,609.22,590.94,694.3,466.1,1053.02,628.52
20241115-152700-409239_1-1583.png,783.9,796.83,850.43,847.97,795.56,849.48,,838.55,851.74,858.05,854.17,849.55,680.23,671.79,692.94,667.92,723.71,759.53,,638.04,432.61,468.06,530.41,581.02,767.7,427.4,877.5,769.4
20241115-152700-409239_1-1756.png,1034.95,1020.09,984.13,981.86,,1015.42,1053.86,965.38,937.03,930.92,929.8,938.34,380.85,389.83,327.24,344.09,,301.05,309.99,421.29,638.25,609.27,550.36,492.28,918.2,296.5,1076.1,647.0
20241115-152700-409239_1-1831.png,1001.93,1010.79,986.49,1009.58,965.01,891.85,856.77,1036.18,884.59,930.77,994.59,1035.92,331.12,345.49,408.09,409.81,307.48,366.56,376.18,425.52,540.08,529.44,513.54,469.35,849.7,296.6,1053.8,548.0
20241115-152700-409239_1-200.png,,,999.63,1019.78,1150.25,1167.95,1201.2,1016.14,827.91,874.55,931.04,973.3,,,637.87,650.41,588.91,501.37,484.27,666.0,681.99,696.88,697.52,685.36,814.0,473.2,1213.5,709.5
20241115-152700-409239_1-2015.png,763.7,779.42,852.46,845.61,773.86,,818.9,822.15,820.48,803.11,813.9,824.18,660.12,645.68,669.76,648.86,693.69,,706.62,567.03,361.37,394.79,460.27,522.87,744.6,354.42,875.85,721.93
20241115-152700-409239_1-2393.png,953.76,939.34,897.1,899.92,939.57,903.8,919.51,906.39,938.21,913.42,899.65,899.24,364.14,382.85,340.25,359.84,296.1,299.81,299.39,427.26,643.22,616.57,541.66,479.73,872.07,285.41,971.51,652.32
20241115-152700-409239_1-2594.png,879.87,895.89,824.73,849.29,886.03,854.97,894.55,904.09,1093.59,1068.27,1017.24,949.32,614.12,641.78,690.84,696.74,589.01,579.96,539.17,716.54,659.07,691.44,725.94,735.51,802.94,531.4,1099.2,746.87
20241115-152700-409239_1-2737.png,810.51,815.62,864.84,873.04,841.88,885.89,934.2,840.42,944.97,897.95,870.52,849.01,518.58,498.94,460.74,459.3,556.09,558.24,646.53,446.16,273.59,309.45,347.4,395.72,795.43,262.07,963.1,658.69
20241115-152700-409239_1-316.png,1158.15,1128.58,1130.68,1107.43,1194.54,1199.94,1202.8,1052.63,832.08,865.39,933.94,998.35,666.01,669.78,600.88,612.33,625.32,586.52,593.18,665.64,679.58,689.38,689.74,675.6,816.19,576.36,1230.23,712.38
20241115-152700-409239_1-3160.png,917.17,939.28,993.45,991.13,902.81,939.76,886.91,983.3,1148.6,1104.83,1052.12,1015.45,701.27,685.85,678.57,659.28,733.41,780.63,788.77,628.01,514.72,520.78,552.6,587.16,871.09,508.64,1156.96,801.42
20241115-152700-409239_1-3317.png,1171.74,1153.99,1119.26,1108.91,,1084.33,,1110.6,1002.14,1048.85,1080.54,1097.15,422.39,426.82,415.93,430.53,,363.27,,447.48,608.22,581.53,536.84,494.47,983.61,317.42,1192.06,637.22
20241115-152700-409239_1-3422.png,971.2,996.27,1030.48,1039.92,960.52,1009.25,1002.8,1046.22,1228.23,1185.35,1126.66,1083.06,596.26,599.29,685.05,659.79,752.64,754.49,795.14,599.4,508.23,504.22,529.07,559.73,946.84,498.29,1236.2,802.1
20241115-152700-409239_1-3505.png,861.32,850.7,756.45,777.36,797.46,756.57,777.62,820.24,996.93,960.31,890.63,843.15,607.68,618.32,590.37,606.58,482.97,505.18,417.92,644.86,728.54,736.33,715.49,676.58,737.59,406.81,1005.08,748.29
20241115-152700-409239_1-3840.png,906.75,901.1,838.51,843.44,886.2,870.05,904.76,862.63,702.47,762.54,812.57,845.95,383.97,402.2,372.09,388.97,339.07,337.86,337.07,458.85,570.36,582.82,554.93,511.06,679.17,328.2,925.8,591.67
20241115-152700-409239_1-4125.png,1115.16,1089.97,1117.43,1090.66,1189.33,1159.35,1216.13,1034.9,818.38,861.23,922.98,986.35,681.18,669.06,580.77,600.67,589.29,548.37,536.28,642.31,671.02,682.75,671.09,652.94,798.08,519.58,1232.27,696.9
20241115-152700-409239_1-4159.png,1142.76,1131.99,1062.85,1072.12,1065.53,1034.25,1025.5,1090.85,1058.05,1072.36,1080.03,1086.76,385.86,403.1,362.35,388.96,309.8,308.06,293.63,452.53,678.89,620.13,563.73,503.1,991.47,281.76,1162.1,689.83
20241115-152700-409239_1-4185.png,1141.55,1126.41,1060.67,1072.29,1047.2,1023.91,983.22,1091.33,1080.54,1087.6,1090.88,1092.2,380.3,402.73,361.53,392.49,285.42,292.99,273.04,448.73,671.78,605.78,552.98,490.67,941.68,261.05,1156.45,685.63
20241115-152700-409239_1-4663.png,1141.5,1124.14,1067.39,1075.64,1102.89,1056.31,1073.12,1073.49,853.07,898.64,972.71,1038.39,565.21,582.39,530.75,558.31,518.2,514.85,491.15,625.2,666.56,650.29,649.4,645.46,835.05,479.5,1155.44,674.23
20241115-152700-409239_1-4905.png,747.53,770.44,741.03,757.48,725.31,,761.52,804.44,994.34,944.62,898.0,856.59,525.69,516.17,554.33,540.93,445.52,,422.59,512.62,474.3,486.67,499.08,513.13,716.28,415.98,1002.84,567.89
20241115-152700-409239_1-4934.png,828.92,845.5,779.53,800.31,756.47,743.83,719.17,895.53,1095.38,1062.78,1022.58,963.27,458.43,484.44,567.26,559.22,460.6,498.99,436.74,542.71,465.24,505.03,531.62,544.15,712.69,429.23,1101.45,587.36
20241115-152700-409239_1-535.png,860.17,867.87,826.15,851.39,,,924.88,915.9,1068.93,1066.47,1020.07,958.05,326.07,346.69,385.16,395.27,,,288.79,422.44,560.64,511.32,471.22,447.32,798.38,282.5,1084.94,568.37
20241115-153717-409241_1-1148.png,1114.31,1103.37,1187.14,1141.87,,1164.26,1143.32,1074.8,933.53,944.41,972.39,1018.55,656.56,626.23,591.82,574.27,,650.69,688.69,549.92,493.57,446.68,445.42,502.62,921.46,423.05,1199.04,698.15
20241115-153717-409241_1-129.png,865.14,901.07,893.31,913.89,753.65,770.13,692.89,926.18,1101.49,1073.38,1033.5,979.69,535.82,547.01,616.42,597.44,536.36,592.92,572.11,571.82,458.63,499.74,527.21,556.93,685.55,446.64,1113.09,628.7
20241115-153717-409241_1-1291.png,1058.33,1033.06,1066.9,1047.26,1117.09,1092.5,1096.37,1000.91,788.82,813.4,851.58,934.82,697.0,698.93,782.59,765.73,715.12,745.19,726.27,721.74,680.22,684.74,691.83,715.75,771.3,655.74,1135.93,790.55
20241115-153717-409241_1-1496.png,785.7,792.8,738.02,751.8,,732.02,763.77,801.19,899.63,876.35,848.68,824.89,594.82,581.58,557.89,556.51,,635.94,675.46,545.68,367.37,413.12,455.68,495.91,708.06,354.0,910.7,685.5
20241115-153717-409241_1-164.png,977.01,949.92,868.31,897.53,1077.51,1030.93,1119.2,898.93,846.91,846.95,856.81,876.56,365.25,367.09,322.6,333.74,351.64,288.42,305.76,384.48,584.26,522.19,454.12,411.14,832.7,291.79,1131.39,591.22
20241115-153717-409241_1-1687.png,1204.37,1181.8,1132.64,1126.87,1182.45,1175.53,1169.76,1142.61,1035.08,1057.17,1109.11,1131.32,517.75,530.08,512.31,531.34,461.14,417.37,433.44,559.75,743.92,709.32,650.27,610.68,1007.11,410.3,1203.98,756.0
20241115-153717-409241_1-210.png,1084.47,1089.15,1172.47,1155.14,1145.1,1175.52,1181.0,1095.15,905.32,931.72,990.27,1046.31,473.9,455.34,486.06,473.39,625.44,541.97,667.88,432.68,348.63,351.29,369.19,390.01,874.08,343.13,1198.03,676.07
20241115-153717-409241_1-2103.png,878.88,872.85,783.12,798.26,823.81,782.0,777.07,865.0,1059.19,1030.38,988.89,927.67,645.0,674.56,666.43,688.91,599.85,621.44,558.04,726.92,685.8,706.51,754.09,761.94,761.13,544.47,1070.52,774.51
20241115-153717-409241_1-2246.png,868.29,849.9,763.51,776.04,906.71,917.31,964.06,806.03,924.51,898.92,860.65,823.57,408.3,425.06,412.76,432.6,369.04,326.79,313.79,476.24,628.64,643.84,587.35,536.73,745.62,301.6,976.54,651.11
20241115-153717-409241_1-2267.png,981.81,958.03,993.06,975.78,1035.56,1073.62,1081.06,916.94,785.29,795.27,837.42,872.31,389.22,387.81,312.56,316.69,422.47,400.12,467.97,344.05,478.01,454.53,404.17,357.6,771.28,296.99,1092.63,488.93
20241115-153717-409241_1-2303.png,1138.9,1136.6,1162.65,1151.05,1200.88,1196.16,,1122.67,936.46,980.93,1028.54,1077.74,580.3,569.14,517.7,522.21,565.86,526.06,,546.49,474.39,497.85,526.41,546.07,913.17,462.31,1218.63,598.53
20241115-153717-409241_1-2658.png,900.83,893.37,937.46,917.92,,,1020.81,848.11,751.74,720.98,760.08,816.27,486.13,470.09,402.47,401.31,,,395.03,393.53,336.42,373.76,401.9,367.79,709.36,332.08,1027.2,510.1
20241115-153717-409241_1-2863.png,967.05,942.72,981.32,959.47,1020.7,1045.49,1061.13,905.91,876.23,857.21,865.73,877.47,759.7,745.62,721.64,708.27,785.56,764.02,771.38,669.88,459.52,513.33,570.46,619.21,834.88,448.68,1072.53,796.7
20241115-153717-409241_1-3473.png,987.37,967.99,993.13,974.55,1084.36,1097.8,1102.69,911.6,733.27,760.7,813.5,865.73,739.89,729.01,659.9,674.56,732.55,695.63,723.59,693.81,661.08,711.11,697.94,693.82,716.56,636.61,1118.27,753.95
20241115-153717-409241_1-3793.png,780.37,806.1,837.31,851.83,740.97,765.25,712.12,872.87,1038.87,1022.63,973.3,925.51,452.03,444.43,501.5,487.14,501.9,559.81,602.27,436.93,325.34,372.74,399.36,412.04,690.31,309.56,1056.62,621.1
20241115-153717-409241_1-4007.png,824.4,836.09,790.53,808.37,797.76,770.02,786.71,845.43,1042.94,985.68,936.75,894.86,398.12,414.97,448.49,457.45,369.6,397.9,383.24,457.35,569.28,540.99,512.49,490.68,749.37,354.42,1066.76,600.22
20241115-153717-409241_1-4076.png,979.18,956.92,927.2,918.67,1074.92,1044.11,1115.67,909.53,936.83,912.14,892.46,885.27,413.85,417.64,362.14,380.71,371.52,319.45,328.57,431.66,640.4,604.06,551.15,489.12,811.55,296.49,1141.44,659.38
20241115-153717-409241_1-4127.png,915.6,923.38,972.89,971.44,922.05,953.11,937.41,951.34,882.75,917.57,937.42,945.3,565.01,539.75,564.72,536.76,673.88,689.52,720.27,485.56,275.81,316.18,369.65,428.61,852.78,255.26,1017.73,739.79
20241115-153717-409241_1-4428.png,1070.09,1055.47,1065.83,1055.61,1160.85,1100.6,1170.06,1005.68,832.63,873.34,923.21,964.27,384.6,390.12,480.52,459.41,520.7,484.13,558.25,401.06,415.34,386.5,375.55,380.38,815.12,344.16,1193.36,573.26
20241115-153717-409241_1-4655.png,979.98,979.05,1067.48,1048.11,1034.56,1127.42,1064.53,981.84,784.62,837.09,895.54,952.46,740.2,716.16,684.39,678.73,764.16,729.81,756.18,636.22,604.7,587.38,570.04,593.31,760.0,548.45,1164.12,802.06
20241115-153717-409241_1-4679.png,904.46,921.83,912.4,922.19,,877.36,838.63,950.12,847.25,901.57,940.08,959.08,722.75,708.85,775.68,758.09,,772.91,743.03,685.65,522.67,541.69,587.17,637.36,818.08,506.55,972.2,792.03
20241115-153717-409241_1-687.png,802.21,824.08,805.56,824.8,767.49,752.73,709.0,897.34,919.57,950.35,953.0,932.89,540.81,543.13,604.88,596.78,562.0,619.51,563.39,544.6,366.82,418.48,470.15,519.73,696.77,357.4,984.13,645.86
20241115-153717-409241_1-784.png,1125.88,1122.28,1184.45,1164.54,1163.38,1178.06,1133.32,1115.05,980.84,1039.24,1065.79,1092.58,641.32,621.43,602.93,594.98,673.86,635.73,676.66,575.45,451.46,459.55,501.13,542.63,963.25,433.07,1199.9,689.6
20241115-153717-409241_1-894.png,1031.33,1041.89,1022.77,1040.98,931.47,871.89,830.28,1067.07,1163.8,1174.02,1154.37,1116.33,543.89,558.26,627.84,620.57,534.7,558.85,520.66,604.11,471.64,502.34,561.69,600.62,817.57,460.03,1190.26,640.14
20241115-153717-409241_1-93.png,1115.34,1097.91,1128.22,1108.52,1186.04,1196.23,1183.74,1054.31,897.77,912.86,963.46,1007.46,427.43,439.89,493.99,490.39,462.5,502.97,520.67,471.94,582.26,534.77,504.16,487.79,882.52,409.69,1205.91,595.04
20241115-154203-409242_1-1613.png,737.69,752.51,793.9,793.43,742.74,762.67,,795.66,865.32,858.82,832.5,811.78,588.46,582.28,604.08,583.6,660.06,674.78,,544.1,358.09,390.15,453.07,509.61,709.23,344.83,885.35,695.77
20241115-154203-409242_1-1819.png,1071.29,1043.71,1011.01,1008.04,1109.08,1152.7,1223.54,991.74,852.95,867.35,906.95,949.99,484.08,479.44,418.07,433.41,463.34,409.94,445.0,464.61,605.03,559.72,508.72,477.61,831.89,391.06,1237.08,619.02
20241115-154203-409242_1-1824.png,1060.43,1032.06,1091.72,1069.19,1138.61,1157.64,1184.19,991.76,841.02,865.93,902.88,947.02,485.76,473.1,399.61,410.82,501.58,410.14,524.14,443.49,571.86,526.14,483.84,453.92,821.11,382.78,1196.48,597.47
20241115-154203-409242_1-2005.png,1116.85,1106.69,1160.17,1141.09,1147.75,1187.45,1189.27,1068.39,934.14,932.13,991.72,1041.97,455.19,426.46,374.26,370.25,472.63,452.8,505.33,363.79,275.14,303.95,324.87,340.34,919.72,265.94,1237.1,515.4
20241115-154203-409242_1-2105.png,1088.61,1074.84,1100.83,1084.13,1204.42,1167.54,1217.38,1031.28,930.31,925.04,946.33,988.61,624.63,607.65,517.96,533.77,506.59,452.52,455.21,563.55,407.11,451.5,508.89,550.2,916.4,398.52,1238.74,649.67
20241115-154203-409242_1-2253.png,901.99,907.53,981.4,973.16,,,,925.87,729.97,766.71,819.32,871.42,337.31,318.16,338.78,318.25,,,,275.55,356.47,321.87,284.46,262.56,705.11,253.51,1031.58,436.72
20241115-154203-409242_1-2716.png,853.91,835.35,769.37,776.82,874.9,831.73,902.02,789.7,952.46,913.61,844.33,791.49,647.96,651.75,620.26,637.95,602.13,550.1,560.55,687.56,757.24,774.69,768.18,728.48,752.65,534.4,966.43,799.49
20241115-154203-409242_1-282.png,1120.97,1103.36,1114.42,1096.13,1119.97,1176.05,1161.42,1042.65,825.14,876.43,935.87,998.14,635.28,621.72,548.21,556.87,676.17,638.34,730.5,577.04,524.46,539.46,553.95,568.1,801.37,515.3,1188.17,745.0
20241115-154203-409242_1-2832.png,936.23,919.33,846.74,863.44,,915.94,937.67,887.78,882.45,860.47,860.65,872.08,379.69,400.79,410.84,428.11,,340.21,283.55,459.86,676.11,637.13,570.88,510.77,821.68,265.65,970.83,692.81
20241115-154203-409242_1-2983.png,1040.1,1054.34,1095.93,1095.52,967.19,1000.39,892.55,1092.45,1095.26,1117.17,1117.39,1107.99,637.92,647.49,723.47,701.39,797.44,775.56,806.82,659.34,476.3,515.52,573.45,623.31,874.06,455.35,1168.38,822.36
20241115-154203-409242_1-3018.png,1005.77,1009.86,915.79,933.59,912.95,929.4,872.42,1003.87,1189.78,1157.23,1101.71,1047.61,560.93,584.88,561.67,579.36,458.37,539.6,436.35,632.49,621.17,643.96,655.41,657.35,849.2,421.64,1201.2,681.16
20241115-154203-409242_1-3511.png,844.39,875.0,863.83,876.39,773.92,792.67,787.03,924.11,1079.94,1065.82,1020.35,962.99,697.68,700.76,773.22,763.15,719.46,744.85,715.5,716.93,781.7,724.52,703.2,712.76,755.98,652.16,1095.72,806.36
20241115-154203-409242_1-3552.png,842.99,865.21,886.9,864.53,813.99,815.64,788.9,1166.47,949.3,989.41,1036.26,1106.39,694.94,697.39,752.34,773.4,685.63,729.32,679.94,646.66,698.99,683.53,658.32,636.23,782.8,628.87,1177.54,782.6
20241115-154203-409242_1-4255.png,944.49,918.8,879.47,902.49,876.59,853.58,844.42,1118.07,974.85,1016.17,1045.3,1076.85,653.4,647.46,708.06,709.62,586.06,662.03,539.74,615.96,697.98,692.45,666.76,641.63,824.81,535.08,1123.45,720.42
20241115-154203-409242_1-476.png,863.18,873.11,802.39,828.58,777.16,772.66,745.16,909.93,1060.02,1051.79,1003.5,950.8,364.85,377.1,433.06,427.72,380.23,409.34,428.35,427.87,354.6,377.91,409.32,427.28,737.89,347.27,1070.03,470.18
20241115-154203-409242_1-482.png,874.62,861.45,810.4,826.97,748.25,,728.56,1108.1,899.46,943.67,994.11,1045.92,383.53,366.3,430.63,430.37,421.14,,462.59,464.65,430.13,439.37,453.32,465.76,712.34,354.18,1119.75,509.54
20241115-154203-409242_1-4866.png,880.07,892.78,963.44,954.28,896.95,950.18,964.86,927.12,1078.77,1046.8,984.53,940.02,433.22,422.05,454.04,428.31,527.21,520.76,574.37,376.81,330.15,304.54,315.14,341.12,856.99,292.38,1090.66,584.96
20241115-154203-409242_1-5160.png,880.16,889.85,963.91,958.14,,,879.96,927.99,1071.17,1006.68,954.98,932.99,442.6,420.22,446.64,422.7,,,535.47,357.6,270.45,251.5,268.41,312.59,853.26,244.15,1087.76,546.59
20241115-154203-409242_1-524.png,943.29,962.7,1040.97,1028.99,,966.37,895.84,1002.93,846.04,876.42,930.54,990.39,334.22,334.59,358.47,349.84,,460.72,516.58,314.0,296.38,281.72,281.1,287.8,828.17,270.91,1058.5,540.7
20241115-154203-409242_1-566.png,824.01,821.27,732.2,748.11,800.15,768.0,822.08,790.67,972.38,931.32,865.13,810.16,497.7,514.35,487.75,502.43,402.02,377.17,321.38,550.11,618.02,625.97,608.78,581.69,713.0,307.79,984.43,645.86
20241115-154203-409242_1-606.png,967.53,957.02,876.05,892.95,875.05,847.21,825.7,933.23,886.81,897.04,921.46,936.65,355.82,370.22,370.13,389.72,301.85,327.31,321.71,436.33,661.77,613.43,551.75,477.72,810.42,291.88,985.43,673.7
20241115-154203-409242_1-769.png,1144.35,1142.55,,1190.09,1148.29,1199.43,1148.44,1140.65,1042.0,1061.24,1096.67,1127.43,510.47,489.69,,469.79,628.5,592.35,687.0,449.2,314.6,334.52,378.89,423.79,1014.26,285.02,1222.08,699.65
20241115-154203-409242_1-793.png,987.14,1012.36,1081.07,1077.35,,964.3,935.04,1066.11,1171.51,1150.4,1123.18,1095.04,702.75,699.33,756.99,724.45,,777.82,792.75,665.03,465.84,519.4,576.71,629.36,907.11,450.36,1182.74,808.32
20241115-154203-409242_1-848.png,1034.82,1023.46,1063.35,1040.35,1110.31,1141.33,1160.3,979.23,930.16,921.27,923.74,940.84,740.94,727.88,673.02,672.14,728.26,685.05,673.04,681.13,482.71,534.13,595.03,650.07,894.82,467.9,1183.58,772.16
20241115-154203-409242_1-958.png,971.3,951.41,931.48,926.42,1025.79,1059.03,1066.45,896.04,785.32,809.12,827.86,862.52,396.36,392.03,324.8,338.98,403.74,345.24,431.5,372.09,540.47,485.16,433.67,382.67,774.69,304.73,1076.78,552.74
20241115-154652-412638_1-112.png,1123.95,1124.3,,,934.85,1001.9,894.05,1134.46,1182.66,1193.48,1189.01,1166.94,466.82,477.25,,,520.86,534.9,567.48,507.06,696.27,653.3,591.06,536.4,874.23,436.72,1206.5,710.99
20241115-154652-412638_1-1306.png,876.61,883.31,870.04,881.47,769.5,723.27,700.4,917.17,1086.37,1067.27,1015.38,952.61,393.88,417.42,490.57,475.88,493.79,474.82,433.99,449.63,548.44,504.31,467.78,447.58,685.76,391.6,1123.54,565.26
20241115-154652-412638_1-1345.png,858.39,838.56,852.86,841.12,940.56,953.68,992.57,800.53,779.75,764.11,736.97,771.05,454.9,452.27,377.78,385.76,475.31,406.05,484.27,425.81,585.15,561.48,496.69,434.3,725.12,361.36,1002.7,593.44
20241115-154652-412638_1-1462.png,1132.78,,1178.77,1158.87,1181.11,1193.54,,1099.88,926.81,959.88,1014.66,1075.9,597.18,,547.29,549.79,639.77,604.3,,559.89,462.12,469.35,508.95,543.61,896.08,441.24,1223.92,665.98
20241115-154652-412638_1-1552.png,1068.73,1077.73,1155.85,1142.72,1039.26,1078.16,1008.68,1111.51,1092.43,1117.74,1110.2,1112.38,681.07,658.23,659.82,636.47,729.05,747.2,768.56,576.92,374.77,389.85,475.78,546.61,991.4,359.99,1174.35,787.55
20241115-154652-412638_1-1832.png,1132.5,,1195.0,1184.74,1113.93,,1078.44,1154.55,1039.53,1075.9,1118.58,1146.39,556.49,,589.85,569.6,666.72,,755.05,525.99,378.97,392.21,433.86,490.87,1012.47,346.79,1214.13,781.23
20241115-154652-412638_1-1863.png,1050.19,1060.18,1127.05,1120.35,1062.09,1106.47,1078.99,1091.09,1145.96,1141.77,1111.2,1099.11,697.74,679.51,704.83,680.45,741.15,721.64,734.44,635.08,416.52,442.82,532.98,604.97,1011.4,401.9,1172.48,752.8
20241115-154652-412638_1-2098.png,1041.35,1028.33,963.9,974.84,1072.21,1019.49,,1005.24,1027.66,1005.2,996.84,1000.23,333.55,357.07,356.36,361.48,314.77,294.62,,389.16,589.76,564.0,487.0,420.26,946.14,281.8,1084.34,606.44
20241115-154652-412638_1-2120.png,1037.63,1022.81,962.59,971.57,1064.77,1073.81,1106.38,953.65,1022.25,987.34,949.52,945.12,398.5,413.18,359.92,378.68,389.61,355.94,381.21,455.28,649.86,643.35,578.85,490.14,913.43,329.76,1122.7,668.71
20241115-154652-412638_1-2353.png,869.57,877.54,828.37,850.46,861.95,818.83,847.52,900.76,1102.25,1061.67,992.58,929.85,356.12,377.01,442.61,441.98,308.55,321.0,315.75,432.14,494.91,511.95,496.98,456.48,791.01,296.91,1119.42,525.02
20241115-154652-412638_1-3318.png,832.91,836.17,,760.37,796.35,729.48,768.41,830.1,911.27,898.48,870.24,843.19,413.11,439.23,,467.46,362.64,406.72,351.61,498.28,710.04,673.93,593.09,531.72,715.32,333.48,933.58,726.36
20241115-154652-412638_1-3397.png,724.84,749.24,754.81,764.51,,722.37,729.61,802.87,1011.97,978.38,892.11,836.25,446.52,449.59,539.22,520.43,,617.2,671.66,459.71,421.44,403.79,414.66,442.31,688.63,377.38,1040.81,681.27
20241115-154652-412638_1-3478.png,731.33,743.34,796.4,793.51,757.8,794.46,,793.98,916.74,880.79,832.97,808.54,643.74,626.28,641.45,623.77,677.67,714.92,,592.88,430.94,455.31,509.57,557.43,715.08,420.92,928.32,729.35
20241115-154652-412638_1-3555.png,956.96,948.41,871.24,886.72,,889.2,866.43,922.49,769.15,800.01,876.13,917.32,430.63,451.54,481.86,483.9,,326.91,262.1,491.31,615.17,617.88,581.36,520.62,747.63,239.17,997.11,639.17
20241115-154652-412638_1-3782.png,1189.2,1170.58,1148.32,1145.42,1206.95,,1160.83,1102.13,912.44,924.29,995.4,1078.61,545.55,545.56,439.01,461.71,397.45,,355.68,531.45,439.37,464.69,524.72,540.25,899.57,342.24,1228.72,569.6
20241115-154652-412638_1-4080.png,907.55,906.91,961.91,937.13,1043.85,1075.37,1149.34,901.3,795.29,802.27,830.92,874.21,782.29,761.08,720.02,720.07,791.37,742.52,742.78,713.92,523.44,565.56,625.21,682.92,764.55,504.67,1176.48,807.46
20241115-154652-412638_1-425.png,1208.88,1202.52,1139.55,1147.6,1210.74,1158.74,1168.09,1169.64,1035.84,1067.17,1144.64,1167.12,472.25,488.4,487.63,506.65,429.34,425.73,367.61,571.03,711.17,717.21,675.71,600.71,1014.17,351.53,1229.05,728.77
20241115-154652-412638_1-4352.png,866.61,890.12,933.26,941.62,822.73,863.04,829.43,1121.82,942.0,965.58,1025.22,1091.6,718.93,710.24,748.1,728.89,724.06,754.81,735.39,556.95,685.08,666.15,616.38,579.45,789.16,543.51,1139.03,769.37
20241115-154652-412638_1-4406.png,889.2,892.78,967.8,956.92,997.84,1041.96,1100.68,904.79,950.82,913.85,886.05,893.08,732.44,717.26,718.9,698.77,804.43,749.57,775.51,666.88,475.79,495.56,565.15,627.87,814.33,459.05,1116.31,833.44
20241115-154652-412638_1-4444.png,1187.54,1180.4,1126.63,1131.52,1087.51,1107.65,1029.53,1156.16,1021.22,1054.21,1122.25,1153.99,559.37,577.77,577.75,592.69,437.83,493.66,421.25,611.71,754.34,750.52,702.22,640.18,994.45,400.71,1205.46,763.3
20241115-154652-412638_1-5102.png,1103.32,1088.66,1026.65,1020.45,1080.1,1034.68,1013.33,1039.44,917.09,941.05,973.81,1019.17,476.38,494.81,439.05,463.0,381.52,395.86,368.29,522.01,716.02,688.67,614.99,547.57,900.3,347.5,1126.3,745.62
20241115-154652-412638_1-57.png,1178.5,1172.62,1093.8,1105.06,,1168.1,1182.65,1122.64,930.02,956.09,1050.23,1110.06,525.99,546.17,557.41,566.09,,424.85,403.95,595.03,670.03,672.83,659.98,614.64,907.52,381.63,1223.36,689.9
20241115-154652-412638_1-582.png,878.56,904.45,925.08,939.28,843.92,765.46,725.94,971.25,1091.38,1091.84,1060.26,1002.17,362.97,369.73,438.71,433.06,374.29,410.65,392.26,400.41,558.52,525.19,451.15,409.98,712.54,347.51,1108.41,576.66
20241115-154652-412638_1-730.png,827.72,854.31,845.32,864.42,767.81,771.49,,910.87,898.59,927.66,974.43,940.75,381.57,382.31,459.75,450.01,427.24,464.15,,413.26,566.24,555.71,488.44,424.45,748.07,361.18,1001.43,577.47
20241115-154652-412638_1-827.png,857.53,845.22,926.42,909.28,861.89,,864.61,857.47,697.13,715.12,757.31,834.46,421.97,407.81,411.67,393.64,496.75,,555.51,369.2,418.34,384.09,339.52,342.45,687.09,308.98,953.5,568.01
20241115-155226-374280_1-1135.png,862.83,850.08,798.51,794.67,923.5,,979.31,787.43,860.86,841.18,790.33,782.17,414.44,440.71,410.13,430.84,381.01,,397.78,514.97,744.14,723.78,630.39,542.74,744.96,353.71,1003.88,771.33
20241115-155226-374280_1-1156.png,956.34,928.46,913.24,895.31,1095.09,1040.8,1078.53,858.8,687.8,697.24,735.69,824.22,419.13,427.1,362.62,375.25,382.68,337.22,332.06,432.6,577.15,547.32,480.24,441.07,657.26,311.75,1122.6,601.13
20241115-155226-374280_1-1245.png,917.87,895.8,896.63,876.99,986.18,964.85,984.88,821.88,697.96,687.76,708.08,796.67,553.67,555.32,479.88,498.36,488.46,409.54,374.7,546.54,401.7,417.83,508.67,547.27,667.24,358.3,1012.27,584.01
20241115-155226-374280_1-1293.png,919.92,944.41,907.82,918.49,826.69,795.9,754.71,973.62,877.4,909.38,962.09,981.96,358.53,376.48,388.95,415.54,339.24,373.32,376.92,461.09,664.99,650.78,585.73,495.68,719.78,318.03,1004.96,693.89
20241115-155226-374280_1-136.png,915.8,932.18,861.9,891.25,777.35,,762.99,958.81,1051.19,1063.63,1036.5,981.34,334.81,357.89,400.65,404.54,349.71,,385.28,423.54,626.97,598.4,511.39,446.48,740.62,310.21,1104.88,648.69
20241115-155226-374280_1-1414.png,937.67,941.15,861.91,890.46,793.85,828.12,786.53,983.31,842.52,876.58,967.21,992.85,391.42,412.39,443.77,450.75,465.84,487.93,520.44,472.32,624.37,620.61,579.69,495.9,767.57,362.18,1014.16,658.49
20241115-155226-374280_1-1591.png,881.17,885.32,799.87,818.63,,805.84,878.0,922.13,1151.4,1124.68,1018.52,948.95,401.57,430.65,448.6,459.11,,366.13,318.65,512.21,585.68,573.6,568.04,526.75,773.71,303.11,1169.86,606.19
20241115-155226-374280_1-1777.png,1102.15,1092.47,1072.67,1050.27,1162.69,1119.43,1131.73,988.71,895.39,901.49,915.05,951.21,541.79,531.66,446.89,458.68,491.22,439.72,408.16,522.58,306.19,340.82,442.18,504.82,858.73,292.03,1209.51,582.73
20241115-155226-374280_1-2087.png,903.82,914.8,967.59,969.73,896.22,943.69,886.27,960.99,903.2,937.3,983.13,972.17,693.75,672.97,706.53,688.88,749.67,764.58,764.74,586.87,368.83,388.88,464.43,552.09,807.22,332.58,1031.96,802.68
20241115-155226-374280_1-2418.png,910.56,917.59,1013.17,1009.38,937.37,979.89,,969.68,1055.64,1044.45,998.63,976.86,747.09,741.54,737.3,730.93,746.69,748.9,,683.71,619.8,612.3,637.53,670.83,889.43,591.01,1074.14,759.61
20241115-155226-374280_1-248.png,1076.01,1062.42,1002.23,1005.21,1060.9,1010.19,1035.99,995.41,809.75,834.05,924.74,984.11,542.47,548.07,457.8,486.98,366.92,364.2,298.44,561.78,656.5,667.56,647.17,583.71,793.42,281.04,1092.72,686.73
20241115-155226-374280_1-2618.png,813.0,805.53,744.49,754.43,796.42,777.63,844.69,793.99,835.23,825.85,801.15,797.14,411.47,435.09,421.29,443.5,346.35,335.71,324.59,531.69,786.7,760.38,655.79,554.83,718.11,311.94,875.61,801.16
20241115-155226-374280_1-279.png,806.99,824.8,838.0,855.88,711.24,763.56,716.22,873.42,1069.99,1025.02,960.67,909.36,400.91,395.95,482.26,458.42,580.44,510.78,622.94,390.57,375.41,358.09,356.08,369.21,684.94,341.54,1087.05,633.87
20241115-155226-374280_1-2822.png,858.75,846.69,758.2,781.22,,808.84,900.53,794.52,1004.82,972.35,873.34,805.63,493.01,516.81,498.46,516.53,,408.52,436.99,599.96,701.8,693.44,682.05,625.72,732.27,394.89,1018.64,723.02
20241115-155226-374280_1-3079.png,808.47,821.33,864.09,868.93,822.15,856.69,869.55,887.52,992.93,973.59,946.4,911.04,614.52,594.68,657.33,630.61,756.05,745.67,757.26,546.42,334.46,369.81,449.06,514.43,776.36,318.8,1020.34,781.0
20241115-155226-374280_1-3214.png,902.3,910.2,984.03,978.06,934.11,976.14,936.29,952.44,1092.81,1060.77,985.57,962.53,660.76,642.69,674.14,651.52,755.46,753.51,793.92,569.13,409.98,404.79,463.69,537.1,871.03,388.93,1107.28,807.17
20241115-155226-374280_1-324.png,1012.82,1000.52,925.1,921.91,,995.02,1025.13,937.92,737.34,769.16,860.94,918.74,462.85,479.7,443.09,478.34,,367.0,302.81,551.72,640.55,657.62,628.72,577.7,713.67,287.84,1050.15,676.01
20241115-155226-374280_1-3241.png,901.05,911.37,979.21,979.06,,,,973.92,1101.76,1069.77,1005.04,987.67,666.11,641.75,674.48,648.91,,,,558.69,403.54,389.01,447.38,522.69,848.53,372.08,1125.35,728.85
20241115-155226-374280_1-3266.png,904.37,913.15,981.69,978.93,,,920.84,975.09,1102.56,1075.71,1008.58,987.35,665.77,643.06,679.55,652.43,,,715.18,562.56,403.52,389.2,452.6,534.47,876.69,372.68,1118.91,723.6
20241115-155226-374280_1-3585.png,994.44,1007.83,913.43,942.32,870.78,,819.41,1006.83,862.12,899.94,986.17,1012.93,372.98,395.56,414.5,425.75,346.88,,364.53,469.66,622.82,629.48,581.43,503.95,802.8,327.43,1044.76,648.1
20241115-155226-374280_1-4546.png,785.61,805.84,809.19,824.42,714.26,711.46,,855.92,1066.8,1041.0,963.28,891.71,450.75,457.36,512.48,503.55,479.07,512.53,,476.56,533.21,506.06,482.48,481.16,689.56,432.41,1087.98,544.96
20241115-155226-374280_1-4691.png,878.86,891.6,964.42,962.15,,866.75,816.45,961.99,926.84,923.58,947.9,965.9,647.41,621.18,666.51,637.44,,717.88,686.32,557.68,329.42,367.5,443.11,520.06,781.59,306.46,1021.42,739.59
20241115-155226-374280_1-471.png,801.79,826.79,829.01,838.83,752.7,792.88,728.91,919.64,1058.12,1072.57,1048.78,957.93,466.69,464.97,562.78,542.7,533.16,590.87,576.36,464.85,555.44,528.08,444.59,452.79,702.72,428.16,1096.5,608.3
20241115-155226-374280_1-4915.png,1105.15,1086.51,1072.05,1048.6,1150.22,1104.6,1094.47,1004.85,777.51,815.04,889.02,955.71,440.36,444.95,391.75,403.12,378.74,351.65,337.21,461.25,559.94,530.18,492.97,469.13,752.36,311.22,1171.77,576.57
20241115-155226-374280_1-5038.png,1144.29,1120.28,1123.81,1101.41,1188.27,1196.74,1208.42,1028.0,878.56,868.02,909.39,991.57,542.52,543.74,484.81,492.71,532.05,497.55,526.91,531.57,378.63,415.0,495.06,528.12,833.96,365.12,1229.98,582.08
20241126-150123-406668_1-0.png,805.59,785.73,831.9,813.08,880.11,901.36,938.45,751.7,690.99,702.47,762.33,745.29,636.28,628.26,536.07,540.84,634.92,601.08,670.06,587.86,638.22,665.63,684.97,617.95,675.98,521.89,952.9,716.5
20241126-150123-406668_1-1095.png,1115.63,1093.55,1067.93,1059.35,1186.66,1169.95,1220.85,1040.31,822.44,857.97,936.23,1007.87,729.29,732.28,652.27,678.52,667.92,625.3,662.29,730.73,733.86,750.8,785.31,755.63,810.74,597.65,1230.57,804.8
20241126-150123-406668_1-1314.png,847.31,823.31,805.42,790.9,895.38,896.83,946.46,770.12,885.73,853.46,773.75,756.25,632.43,638.77,549.4,574.4,562.2,501.77,512.13,636.48,814.66,802.74,745.6,662.93,706.52,476.99,981.62,830.81
20241126-150123-406668_1-1533.png,1004.05,997.28,1080.39,1058.01,1067.29,1111.14,1108.68,980.94,763.83,788.75,878.43,952.09,687.56,673.56,621.25,613.0,704.22,665.5,731.55,593.02,542.18,521.27,542.78,580.53,753.15,515.0,1128.1,745.97
20241126-150123-406668_1-1753.png,918.95,906.62,828.06,852.45,830.66,795.06,829.03,881.37,1042.88,1013.42,964.89,904.43,476.25,496.6,508.07,522.66,375.19,359.06,303.8,528.67,718.02,693.91,622.03,559.47,741.86,291.66,1069.99,743.88
20241126-150123-406668_1-1972.png,805.32,818.01,907.44,901.84,856.58,901.71,886.91,878.45,906.67,927.25,967.65,893.44,423.24,410.72,449.55,422.68,497.28,487.98,540.33,339.31,253.43,252.15,300.82,322.76,773.71,227.11,1009.97,572.06
20241126-150123-406668_1-219.png,844.38,819.2,827.22,808.1,912.75,892.14,943.53,767.25,686.61,691.83,695.38,741.1,756.68,749.89,685.4,696.36,721.22,678.0,638.57,725.76,513.92,540.59,641.1,710.83,667.04,501.19,973.69,785.17
20241126-150123-406668_1-2191.png,770.98,768.95,834.26,820.51,814.0,863.4,853.36,760.89,684.3,678.74,692.19,731.8,408.49,385.2,358.77,354.24,451.16,434.31,500.12,344.3,553.66,522.4,427.12,360.68,647.09,322.55,879.79,580.11
20241126-150123-406668_1-2410.png,968.06,954.8,1006.1,977.25,1077.63,1095.96,1122.41,912.92,805.88,794.23,822.08,877.4,787.85,778.73,701.67,705.89,778.31,724.85,761.75,721.01,540.4,574.29,674.96,709.99,750.21,525.65,1146.35,803.66
20241126-150123-406668_1-2629.png,1126.04,1128.73,1089.47,1106.79,1018.7,1013.09,920.78,1131.05,1173.33,1193.81,1202.4,1166.96,367.17,386.55,442.78,435.31,290.49,350.6,287.04,425.79,624.6,595.0,523.4,459.36,891.56,263.64,1219.69,640.49
20241126-150123-406668_1-2848.png,783.4,777.67,830.37,814.56,,875.12,876.51,783.92,830.65,810.14,759.61,770.3,659.38,637.03,587.73,576.61,,733.97,804.12,564.63,361.68,383.82,459.06,529.97,683.71,345.98,904.33,832.58
20241126-150123-406668_1-3067.png,789.81,769.85,746.7,734.1,824.79,797.9,865.34,701.96,705.18,693.59,674.33,685.24,655.72,655.6,566.68,585.6,582.43,549.01,549.85,628.79,395.78,421.44,522.16,602.78,617.92,390.22,889.37,682.55
20241126-150123-406668_1-3286.png,711.91,702.31,761.61,736.88,766.87,787.94,,681.96,792.03,767.85,713.36,682.92,598.36,574.47,525.1,521.45,596.45,586.33,,500.88,300.12,319.97,387.09,463.34,637.21,280.8,854.37,624.44
20241126-150123-406668_1-3506.png,730.17,714.54,752.32,730.75,761.98,,768.26,680.46,789.95,764.97,709.53,680.79,583.23,575.3,527.49,518.91,579.3,,589.69,504.44,300.75,324.23,394.99,469.04,663.05,290.1,852.6,618.4
20241126-150123-406668_1-3725.png,773.13,791.54,800.89,814.6,728.62,745.59,687.76,871.41,791.42,784.95,845.6,872.62,517.94,513.78,580.6,568.29,536.9,570.51,540.27,504.86,301.85,324.47,410.32,475.56,668.9,293.95,890.97,615.45
20241126-150123-406668_1-3944.png,779.8,758.22,740.05,726.76,848.38,862.9,937.97,709.24,719.15,706.46,684.66,692.28,481.77,480.05,415.54,431.29,443.25,394.89,414.45,474.58,693.04,667.53,586.26,500.06,616.88,369.88,961.95,709.37
20241126-150123-406668_1-4163.png,987.19,1008.95,1051.0,1059.5,943.18,953.33,880.13,1083.33,1028.42,1059.47,1096.48,1096.3,612.54,596.69,671.99,649.79,655.23,680.45,656.92,586.76,369.47,387.29,472.01,558.44,864.32,350.54,1123.84,704.63
20241126-150123-406668_1-438.png,862.11,850.27,787.57,790.73,861.07,805.59,759.38,798.7,673.96,676.72,713.4,780.02,720.05,730.71,691.27,717.97,645.7,647.33,613.87,762.71,570.35,588.1,679.24,754.43,660.97,554.7,901.27,779.81
20241126-150123-406668_1-4382.png,732.94,736.48,800.04,776.81,723.52,777.27,736.88,742.47,686.35,680.68,675.09,710.13,505.51,528.07,489.15,470.37,612.04,612.25,638.04,442.46,628.24,593.91,505.09,434.5,661.27,414.18,832.8,655.31
20241126-150123-406668_1-4601.png,1013.52,988.38,984.52,968.66,1090.62,1051.76,1110.94,932.35,710.72,743.37,826.79,901.31,581.12,580.24,499.34,518.32,481.03,453.58,413.92,570.72,594.15,609.95,617.08,587.05,689.01,400.46,1123.54,637.11
20241126-150123-406668_1-4820.png,912.06,940.3,958.19,970.51,869.17,870.15,808.93,1006.04,933.1,963.78,1017.91,1021.38,640.93,642.88,704.27,686.38,689.45,739.72,667.91,627.98,441.59,449.83,516.03,604.76,793.27,429.18,1038.54,761.45
20241126-150123-406668_1-5039.png,737.8,732.29,802.68,789.05,796.86,816.87,839.23,695.7,745.48,726.79,673.31,686.48,586.06,570.27,554.53,533.54,683.4,654.01,715.01,651.15,509.02,488.64,528.69,622.75,652.84,461.33,879.55,728.61
20241126-150123-406668_1-5259.png,807.92,793.48,727.79,735.85,792.95,760.02,835.17,773.38,947.35,931.48,894.18,797.84,655.14,671.97,653.6,666.03,608.21,586.73,577.07,725.25,602.17,626.46,694.57,734.76,683.45,540.76,984.73,756.53
20241126-150123-406668_1-657.png,866.8,849.92,771.54,776.33,863.44,834.22,903.76,816.03,787.78,810.27,901.13,836.53,714.01,736.4,702.68,716.08,643.32,626.64,583.17,758.95,766.95,782.02,807.3,768.97,738.58,569.55,940.77,820.7
20241126-150123-406668_1-876.png,899.42,892.75,931.53,910.08,1027.07,1049.97,1083.72,871.42,685.72,696.02,754.41,832.21,529.68,508.73,452.29,456.08,565.61,522.37,578.24,475.87,571.28,533.7,480.44,468.67,674.62,430.01,1098.87,601.61
20241126-151025-406669_1-0.png,1048.39,1029.38,991.48,987.34,1084.19,,1025.26,995.64,805.1,829.77,922.13,977.77,728.48,723.5,660.58,678.77,553.58,,475.84,722.56,784.63,798.22,795.1,745.51,781.83,455.51,1131.2,825.07
20241126-151025-406669_1-1096.png,1068.8,1051.48,1095.69,1073.1,1132.17,1140.04,1182.7,1000.87,1040.73,1009.09,938.01,970.7,482.82,466.3,425.92,425.03,475.38,460.37,454.87,412.76,271.28,279.92,327.1,402.48,920.73,257.95,1194.63,514.59
20241126-151025-406669_1-1315.png,1064.44,1069.73,1129.15,1107.84,1109.33,1188.2,1129.25,1069.29,853.9,887.16,977.0,1046.81,532.55,515.15,526.59,510.92,603.06,596.84,671.65,472.77,375.81,377.65,406.65,457.65,818.82,358.36,1217.35,717.51
20241126-151025-406669_1-1534.png,738.44,721.13,787.88,758.62,811.82,821.72,890.64,696.43,729.84,707.94,675.24,674.56,557.11,539.34,481.86,482.09,549.0,489.91,589.88,506.91,724.44,690.23,603.94,534.46,661.97,459.62,905.58,743.11
20241126-151025-406669_1-1754.png,884.29,875.1,883.35,867.36,1004.94,,1092.11,836.9,716.76,707.94,744.6,805.46,471.09,459.19,386.69,398.61,390.51,,311.97,435.14,380.85,407.99,467.13,449.31,692.18,297.84,1102.35,493.48
20241126-151025-406669_1-1973.png,1007.18,1032.43,1022.48,1040.28,885.74,915.06,870.55,1074.43,1197.76,1199.45,1162.05,1099.1,712.19,718.35,789.07,774.76,757.16,802.58,812.35,725.37,540.04,572.03,645.3,705.39,846.97,529.77,1217.36,832.22
20241126-151025-406669_1-219.png,929.85,951.14,985.15,987.52,806.54,796.02,763.36,991.18,1089.37,1121.24,1105.66,1026.45,771.99,764.97,672.59,698.23,735.11,681.63,710.21,730.44,799.32,781.75,718.67,728.48,749.02,644.64,1146.07,806.91
20241126-151025-406669_1-2192.png,1006.81,983.15,927.59,926.86,1009.96,986.76,1023.46,906.61,924.04,885.92,818.88,877.44,689.3,691.27,642.6,667.86,607.65,566.94,513.36,714.53,830.24,822.26,768.65,726.26,804.74,497.96,1057.7,848.89
20241126-151025-406669_1-2411.png,1022.39,1000.99,941.46,948.94,1055.19,965.63,1028.19,966.58,892.45,926.94,973.84,967.31,408.57,425.92,365.46,389.63,323.17,303.57,324.95,445.0,637.69,621.15,553.44,478.37,877.8,286.74,1069.2,645.5
20241126-151025-406669_1-2631.png,1036.33,1026.26,1055.32,1039.21,1132.46,1139.44,1192.94,1011.01,811.39,844.53,923.72,981.34,548.55,518.41,456.39,471.48,646.63,577.93,682.87,478.57,438.85,416.95,419.9,455.78,788.55,396.58,1208.26,702.84
20241126-151025-406669_1-2850.png,817.2,803.15,724.55,732.91,785.41,736.49,774.17,773.68,872.39,836.61,792.66,776.89,523.12,546.07,511.2,533.52,388.7,402.55,348.1,572.53,785.32,766.55,683.0,604.42,696.75,316.48,894.82,801.04
20241126-151025-406669_1-3069.png,903.03,903.8,978.25,956.77,972.47,997.99,1002.63,912.6,730.64,754.69,832.06,887.08,635.98,610.44,616.95,598.84,737.36,683.05,773.11,575.1,563.08,528.63,506.18,542.1,714.47,492.73,1031.66,785.07
20241126-151025-406669_1-3288.png,1163.52,1149.82,1113.66,1111.41,1192.14,1157.29,,1103.93,958.69,985.8,1041.18,1084.32,518.0,528.64,481.1,502.06,488.82,435.51,,531.99,682.51,661.75,609.82,561.38,934.17,401.53,1219.11,706.65
20241126-151025-406669_1-3508.png,1113.56,1110.5,1162.61,1143.92,1187.07,1221.26,1241.68,1085.24,879.47,909.82,980.28,1062.01,470.95,445.22,432.72,418.73,518.0,495.67,556.64,394.56,414.08,394.5,346.56,373.5,869.49,333.04,1263.24,569.69
20241126-151025-406669_1-3727.png,851.57,865.63,947.09,936.81,888.9,939.24,898.09,908.2,918.89,898.4,906.7,907.39,703.11,690.22,705.38,682.75,746.4,768.88,786.52,613.71,378.49,402.36,495.73,579.79,824.64,369.14,975.78,804.76
20241126-151025-406669_1-3946.png,876.64,897.43,941.8,943.84,866.52,899.58,886.77,949.52,1073.89,1076.38,1030.91,972.0,623.2,620.97,674.64,653.2,711.23,724.51,763.52,590.21,396.93,434.99,503.67,557.85,827.41,382.1,1118.55,775.86
20241126-151025-406669_1-4165.png,957.08,936.23,974.58,950.2,1019.52,1030.36,1081.26,895.8,820.92,814.7,815.99,866.6,765.89,756.65,700.54,703.09,776.61,729.92,773.63,704.43,498.09,530.74,630.27,686.36,778.61,482.93,1116.28,805.09
20241126-151025-406669_1-438.png,812.29,796.99,811.13,799.48,904.75,882.39,942.94,744.61,908.82,877.32,797.54,735.84,657.92,672.73,739.35,727.62,679.03,719.33,731.12,690.24,829.65,820.57,782.78,716.29,725.24,621.34,963.88,847.55
20241126-151025-406669_1-4385.png,1089.81,1074.06,996.41,1008.34,1137.93,1077.55,1074.83,1011.54,823.4,869.99,944.86,993.64,498.44,523.92,492.84,517.36,430.27,375.42,321.92,555.81,654.85,668.79,641.78,589.58,797.1,303.83,1161.03,689.35
20241126-151025-406669_1-4604.png,1026.78,1018.38,1048.99,1034.46,1090.64,1117.82,1167.06,997.6,1012.2,992.62,953.22,985.34,556.72,530.21,467.59,466.62,612.38,573.11,668.59,465.86,271.67,278.0,369.28,446.74,940.62,258.92,1178.3,679.88
20241126-151025-406669_1-4823.png,1068.5,1069.02,1128.31,1108.08,,,1122.29,1044.33,892.44,877.07,937.9,1019.98,566.01,542.76,518.64,507.66,,,602.73,473.47,374.7,395.13,453.92,458.34,864.91,364.07,1152.28,616.63
20241126-151025-406669_1-5042.png,1132.06,1113.67,1069.63,1065.61,,,,1057.3,820.52,866.44,948.62,1019.67,519.21,513.93,565.75,548.54,,,,494.78,469.47,467.13,473.47,484.03,807.29,447.33,1162.9,604.83
20241126-151025-406669_1-5262.png,1135.97,1115.33,1064.16,1068.99,,,984.08,983.62,844.38,870.58,918.83,958.84,522.76,508.1,565.79,544.47,,,535.71,542.27,586.19,570.04,552.5,541.15,829.39,463.21,1153.24,604.83
20241126-151025-406669_1-657.png,1007.26,1031.67,1081.36,1076.39,902.02,940.49,839.42,1063.06,1071.44,1079.66,1092.44,1076.46,452.02,454.74,404.84,420.97,336.64,284.39,281.64,458.29,677.02,645.83,568.9,487.48,809.17,261.35,1109.86,706.65
20241126-151025-406669_1-877.png,1055.34,1062.28,1018.72,1036.06,953.87,957.35,929.75,1107.51,1238.04,1243.43,1217.48,1140.46,407.71,435.38,472.6,475.4,437.35,419.86,437.69,495.74,611.28,581.01,500.32,508.68,909.48,382.49,1253.36,621.4
20241126-170013-406670_1-0.png,1063.52,1059.15,1050.59,1062.1,889.93,898.58,802.81,1078.4,968.96,998.94,,1087.95,361.91,379.79,267.5,291.03,379.03,322.4,382.68,326.95,275.18,274.82,,302.37,763.44,242.91,1111.46,431.83
20241126-170013-406670_1-1096.png,853.16,863.51,941.37,942.81,831.25,883.59,872.66,,751.02,765.05,799.54,837.05,285.93,281.36,340.07,318.85,362.44,374.95,426.97,,353.14,337.14,309.61,283.85,733.53,240.26,974.66,462.32
20241126-170013-406670_1-1315.png,850.15,865.74,942.83,941.06,833.86,882.97,834.75,,751.32,772.45,802.43,838.7,283.3,280.18,335.86,313.62,361.46,376.59,401.18,,349.45,331.93,306.2,281.55,736.26,243.65,1009.71,435.89
20241126-170013-406670_1-1534.png,,,,,922.02,997.4,1072.35,,736.3,759.33,802.76,852.95,,,,,381.31,348.16,430.16,,364.69,330.87,287.34,263.86,712.9,236.44,1097.37,452.8
20241126-170013-406670_1-1753.png,892.68,880.58,927.99,901.75,1000.57,1004.64,1037.77,838.7,677.07,688.81,730.17,808.99,332.87,313.49,249.02,253.8,329.97,288.17,305.91,285.06,442.7,413.21,350.41,291.76,652.75,228.99,1049.8,460.31
20241126-170013-406670_1-1972.png,1004.05,1004.46,1085.09,1065.48,1062.7,1117.31,1057.61,1006.96,781.73,824.78,894.46,972.54,327.8,308.89,300.67,289.17,395.79,379.64,493.36,266.32,300.19,300.98,244.65,250.98,766.97,225.65,1147.8,528.03
20241126-170013-406670_1-219.png,900.26,895.45,942.76,913.99,1054.67,1013.25,1120.49,859.68,758.67,787.09,830.06,845.89,323.57,307.73,243.46,251.49,343.91,289.41,306.2,306.19,370.93,369.87,356.38,325.8,723.12,227.99,1155.54,399.81
20241126-170013-406670_1-2192.png,952.02,968.76,1006.44,1017.03,891.02,915.88,,1044.37,1192.32,1161.38,1129.6,1072.18,270.8,270.07,336.15,318.88,328.03,353.32,,278.83,372.48,371.26,310.49,277.88,850.65,243.14,1215.24,426.82
20241126-170013-406670_1-2411.png,969.76,987.79,1003.68,1018.18,909.54,942.09,940.81,1048.98,1197.2,1166.7,1136.84,1080.85,260.51,259.29,335.05,320.01,301.67,348.87,409.4,274.51,377.97,382.07,311.65,277.12,874.06,239.48,1215.86,439.04
20241126-170013-406670_1-2630.png,1042.46,1052.49,974.81,995.37,,940.06,,1070.62,1234.82,1202.39,1178.08,1101.44,262.76,282.08,337.64,330.26,,257.6,,329.89,446.17,424.51,347.76,323.08,917.25,239.76,1267.77,454.54
20241126-170013-406670_1-2849.png,1000.26,1029.32,1044.53,1055.64,937.15,968.7,964.04,1081.66,1234.19,1213.11,1164.41,1108.68,257.11,257.89,328.07,317.72,299.58,338.47,383.62,283.1,457.32,419.4,334.5,293.44,894.69,233.96,1256.8,466.88
20241126-170013-406670_1-3068.png,908.55,912.94,914.94,918.35,785.08,762.98,738.87,938.92,1113.66,1111.82,1052.85,976.59,471.3,496.19,574.06,550.29,433.04,488.79,379.43,522.23,390.95,425.49,476.22,511.43,713.34,357.52,1133.35,606.9
20241126-170013-406670_1-3288.png,804.51,819.84,859.51,866.29,761.88,791.3,736.62,903.67,1084.46,1098.26,1027.99,931.68,449.53,450.69,512.66,489.71,519.81,526.93,561.77,439.81,385.65,410.32,430.45,430.29,717.87,366.95,1120.57,578.33
20241126-170013-406670_1-3507.png,799.71,822.47,849.26,868.19,749.55,765.6,728.45,891.98,1056.91,1056.55,994.12,918.55,545.22,553.83,461.66,486.34,450.78,404.37,407.1,554.13,699.86,670.23,613.54,572.43,689.12,381.03,1074.52,713.93
20241126-170013-406670_1-3726.png,851.22,870.97,875.86,887.3,756.41,797.33,750.6,925.16,1104.05,1092.61,1042.53,960.03,457.67,458.95,526.85,507.78,530.2,528.22,590.95,467.41,544.89,517.1,454.77,458.89,724.33,424.29,1127.87,616.53
20241126-170013-406670_1-3945.png,965.04,977.18,930.8,952.89,916.02,870.72,807.22,995.38,955.17,964.22,1015.46,1010.42,380.18,395.06,461.09,455.7,362.16,412.44,431.75,470.46,687.79,657.09,581.62,501.99,794.02,346.86,1040.61,706.81
20241126-170013-406670_1-4164.png,939.54,953.58,985.12,997.86,917.28,,940.19,1035.35,1191.08,1185.84,1152.79,1065.67,353.12,348.75,424.91,405.18,430.53,,485.66,339.19,454.09,425.28,343.05,331.06,858.4,296.6,1203.93,504.58
20241126-170013-406670_1-438.png,940.21,926.44,902.46,893.06,1006.73,1008.8,1030.9,845.57,726.54,759.39,795.58,821.81,244.0,247.17,328.16,307.07,284.56,342.89,264.08,295.54,388.96,384.48,346.9,307.24,707.59,233.96,1048.82,403.13
20241126-170013-406670_1-4384.png,1012.9,1020.3,964.96,983.27,960.14,930.28,929.35,1036.05,1213.2,1189.34,1134.73,1063.33,397.28,383.62,327.75,318.86,410.04,390.13,489.35,293.71,395.76,360.53,301.75,272.84,895.44,248.92,1226.55,501.48
20241126-170013-406670_1-4603.png,983.74,996.3,1036.58,1036.58,1105.1,1157.77,1174.25,1023.23,1073.07,1033.26,987.43,1004.75,410.36,404.01,361.96,378.51,566.89,595.51,663.94,419.6,262.4,259.53,310.17,389.86,946.29,238.56,1221.2,685.29
20241126-170013-406670_1-4822.png,786.71,770.75,815.69,796.65,819.47,852.06,928.64,741.7,811.84,793.41,737.01,723.84,570.85,559.0,480.8,477.05,589.75,545.74,525.32,476.5,279.47,308.38,356.03,438.5,703.43,267.02,943.07,614.14
20241126-170013-406670_1-5041.png,812.03,792.71,749.65,739.09,818.99,809.61,878.67,709.07,706.91,693.51,668.4,672.47,566.67,568.74,498.94,512.69,524.61,493.21,508.28,584.26,376.1,405.64,483.53,567.72,648.02,359.66,888.31,598.3
20241126-170013-406670_1-5261.png,808.83,795.48,719.28,728.5,776.3,761.1,,766.18,663.69,666.37,691.53,760.04,556.8,576.34,539.26,559.69,499.82,492.72,,636.37,525.0,551.98,652.99,662.12,650.61,455.68,841.19,695.98
20241126-170013-406670_1-657.png,906.55,896.59,943.88,926.08,1007.88,998.11,1062.41,849.91,719.23,751.85,788.96,820.6,327.64,314.49,244.23,246.34,342.0,288.98,273.86,290.44,387.43,381.91,337.53,299.51,705.85,226.22,1090.47,397.47
20241126-170013-406670_1-876.png,861.88,879.6,943.63,930.1,762.37,797.65,696.38,741.97,860.37,830.1,791.18,754.47,305.5,300.51,338.13,326.79,411.54,464.08,465.02,367.51,297.9,303.03,316.33,345.52,675.03,284.84,979.96,495.39
20241126-170451-406943_1-0.png,772.88,775.44,869.46,853.47,946.23,951.94,1033.03,799.7,683.33,695.43,730.23,770.53,506.06,485.69,435.68,431.68,535.16,478.44,583.17,440.14,573.11,546.82,477.13,433.85,666.34,404.14,1055.13,605.09
20241126-170451-406943_1-1095.png,823.31,805.07,762.13,763.51,844.03,827.73,885.96,744.62,864.37,833.87,771.56,734.73,615.07,622.44,582.81,601.53,579.91,565.91,553.29,662.67,795.01,779.28,743.7,689.24,706.52,532.26,901.24,811.5
20241126-170451-406943_1-1314.png,835.11,841.07,811.47,823.33,783.71,765.16,751.46,926.48,1098.97,1086.98,1041.64,956.14,620.58,638.66,708.88,699.01,641.8,675.99,642.56,674.81,757.17,734.21,653.42,666.29,735.2,596.82,1111.53,767.38
20241126-170451-406943_1-1533.png,839.73,866.66,886.19,899.65,815.33,822.18,779.39,952.62,1100.75,1090.86,1066.32,983.28,629.16,644.77,713.27,692.55,671.59,699.14,678.54,667.44,768.9,737.87,658.87,658.94,766.63,600.71,1112.84,781.97
20241126-170451-406943_1-1752.png,884.67,898.21,867.11,890.8,813.52,808.5,,965.02,1108.58,1105.85,1079.89,991.01,714.21,712.48,638.64,644.5,693.64,673.08,,669.04,773.62,748.85,657.45,665.13,775.92,594.06,1132.89,794.91
20241126-170451-406943_1-1971.png,869.03,888.54,872.83,893.46,832.12,839.69,,955.71,1120.77,1113.77,1069.68,985.16,635.6,648.62,709.21,709.07,653.49,668.43,,687.22,760.91,731.31,656.99,672.71,783.49,598.88,1134.0,780.35
20241126-170451-406943_1-219.png,870.25,888.66,922.36,931.15,833.6,829.65,779.79,969.16,1148.5,1143.21,1077.09,993.97,485.91,481.67,431.71,456.38,471.08,411.44,481.74,501.66,457.28,485.41,535.93,515.52,752.17,389.49,1163.99,565.98
20241126-170451-406943_1-2190.png,1015.97,1011.25,933.81,949.58,827.14,842.51,809.83,985.28,1160.37,1128.2,1068.77,1014.6,367.4,390.67,434.28,425.58,301.97,337.0,329.63,428.52,568.31,548.85,506.92,456.42,774.83,285.51,1178.53,588.79
20241126-170451-406943_1-2409.png,839.24,858.75,867.46,890.84,792.38,808.84,,942.22,1157.97,1146.52,1056.55,973.29,387.93,381.76,467.15,447.25,414.59,450.56,,385.15,322.8,347.18,352.65,374.59,755.44,302.02,1182.01,519.78
20241126-170451-406943_1-2629.png,1089.02,1074.03,1017.96,1009.61,1093.13,1043.02,1054.29,1019.18,819.86,863.7,947.25,997.72,536.62,548.37,483.8,516.66,462.61,414.67,345.12,574.45,687.58,679.99,662.2,610.18,801.16,302.04,1119.74,704.27
20241126-170451-406943_1-2848.png,1051.55,1059.03,1010.03,1032.47,973.29,942.69,870.73,1065.48,1095.48,1117.55,1129.6,1092.66,495.19,516.67,561.66,561.26,466.59,484.36,412.7,569.12,773.52,746.69,671.63,601.65,844.95,389.98,1142.06,789.7
20241126-170451-406943_1-3067.png,1075.81,1068.47,1004.05,1012.37,,954.38,899.63,1061.83,916.47,950.58,1029.67,1062.78,507.45,483.34,468.09,450.17,,539.65,610.14,438.34,324.4,313.9,339.51,402.97,876.33,299.42,1094.69,631.25
20241126-170451-406943_1-3286.png,1158.21,1133.27,1050.21,1068.99,1033.21,974.67,937.22,1103.51,1071.58,1088.74,1124.62,1113.43,581.3,582.59,621.88,606.26,753.83,738.35,808.13,588.84,385.07,408.81,488.34,558.05,903.1,356.43,1193.77,830.37
20241126-170451-406943_1-3505.png,871.05,892.61,977.65,956.47,875.43,923.85,,921.28,921.08,909.69,909.99,914.72,672.78,669.16,680.09,663.27,758.03,776.94,,631.77,414.79,457.65,520.27,587.12,828.96,400.6,999.59,800.32
20241126-170451-406943_1-3724.png,972.8,950.88,905.06,912.1,962.45,901.57,845.64,929.38,787.61,825.8,874.48,909.71,639.82,618.4,678.26,646.47,693.2,694.86,725.75,563.51,380.12,403.25,466.43,522.98,752.9,353.85,1013.5,749.04
20241126-170451-406943_1-3943.png,864.39,882.78,889.35,905.04,780.93,729.1,699.13,925.33,1099.62,1079.67,1031.46,967.06,475.37,464.82,374.34,391.8,474.36,479.22,539.06,429.39,564.81,525.27,476.67,440.1,661.67,357.4,1112.7,586.5
20241126-170451-406943_1-4162.png,923.32,906.89,949.38,929.55,957.46,1023.45,1062.62,875.35,939.06,905.52,845.91,855.54,477.36,454.96,396.2,396.41,490.86,454.69,551.73,406.86,255.14,266.31,312.47,382.77,799.61,236.06,1088.36,573.73
20241126-170451-406943_1-438.png,1075.46,1066.05,990.31,1003.43,1072.01,1010.34,1109.12,1028.73,1131.73,1136.23,1079.53,1038.79,399.81,421.38,421.25,434.47,343.77,301.62,286.17,493.02,507.27,532.95,586.98,516.73,963.3,271.25,1160.51,610.15
20241126-170451-406943_1-4381.png,1089.9,,1021.29,1046.13,1033.67,1015.71,934.78,1102.16,1062.71,1094.22,1134.85,1118.1,437.04,,474.95,481.07,396.14,433.91,426.35,525.24,737.13,712.14,625.11,558.59,884.92,374.9,1161.26,767.22
20241126-170451-406943_1-4600.png,1092.24,1089.83,1021.32,1040.16,1049.24,1019.61,995.95,1090.94,1066.07,1100.69,1137.94,1108.87,438.31,459.43,471.03,478.48,414.18,428.32,389.97,541.05,739.56,715.18,639.98,575.22,960.69,369.22,1167.11,765.36
20241126-170451-406943_1-4819.png,1079.78,1064.89,1037.33,1030.37,1131.57,1097.99,1111.61,983.53,834.76,835.18,874.68,953.12,523.04,512.73,454.69,479.95,475.58,463.36,387.63,513.34,395.97,428.38,511.31,519.11,798.45,374.06,1149.92,557.05
20241126-170451-406943_1-5038.png,1095.77,1082.57,985.62,1001.37,1047.77,1003.03,917.1,1019.02,834.47,855.49,934.05,1007.13,511.24,517.09,507.42,522.37,396.12,399.03,380.87,567.56,553.65,573.03,629.34,593.89,798.0,355.35,1132.76,648.68
20241126-170451-406943_1-5258.png,886.67,901.94,854.6,873.84,749.33,772.28,702.97,933.33,1156.29,1128.93,1043.91,957.48,554.92,570.91,631.24,629.68,519.48,595.35,616.67,612.92,609.81,611.54,631.71,620.43,684.64,505.06,1181.81,660.18
20241126-170451-406943_1-657.png,852.26,871.48,948.09,945.43,793.22,850.93,889.43,920.0,935.05,947.43,956.78,932.09,587.3,576.9,615.88,595.0,698.11,705.16,792.06,538.7,311.66,350.05,435.27,511.06,766.65,285.41,995.74,811.04
20241126-170451-406943_1-876.png,825.13,802.11,759.02,767.31,865.89,830.14,923.48,746.44,857.64,832.5,776.77,734.88,613.99,620.14,581.34,601.69,570.55,512.42,570.36,643.38,791.53,779.39,740.19,666.25,709.95,483.86,951.93,811.75
20241126-171100-406944_1-1007.png,860.24,836.27,808.26,809.93,921.51,935.18,976.88,782.98,726.11,713.56,724.42,763.97,511.15,514.83,430.39,458.99,508.4,463.1,516.94,523.27,730.64,703.13,621.29,554.0,678.18,411.69,992.39,752.75
20241126-171100-406944_1-1405.png,1032.96,1051.75,1052.89,1071.15,984.48,974.79,,1107.52,989.56,1019.07,1102.03,1117.27,690.33,684.4,604.25,615.0,704.86,685.27,,676.73,830.48,822.41,778.39,700.5,951.19,573.83,1139.7,840.43
20241126-171100-406944_1-1434.png,1051.61,1070.31,1029.26,1056.36,,,,1106.76,997.11,1029.41,1112.31,1117.85,602.31,620.67,692.86,685.69,,,,673.75,827.78,818.93,756.91,695.16,960.17,578.66,1140.39,839.05
20241126-171100-406944_1-1517.png,1093.08,1075.23,1067.45,1058.18,1128.45,1129.71,1161.94,990.75,883.66,901.18,919.33,971.91,613.69,614.85,544.06,566.74,597.28,575.95,621.21,616.66,820.59,793.53,718.51,640.54,844.9,505.66,1180.48,836.28
20241126-171100-406944_1-1682.png,1090.02,1110.93,1125.0,1132.69,1052.79,1016.7,1002.28,1166.56,1207.58,1216.8,1226.76,1192.51,542.52,544.23,626.65,611.29,491.28,523.33,446.53,581.6,419.33,444.08,523.58,573.19,975.07,406.97,1247.68,641.55
20241126-171100-406944_1-1692.png,,,1027.58,1046.05,1018.41,949.13,942.94,1075.76,1235.06,1233.27,1180.89,1104.85,,,529.33,535.38,446.01,397.66,339.58,542.72,547.42,575.75,615.69,563.81,898.66,315.25,1253.02,638.8
20241126-171100-406944_1-1737.png,928.13,931.21,881.93,898.34,901.5,862.14,,929.38,1050.32,1021.7,974.28,947.07,342.77,359.12,393.72,394.09,309.34,328.25,,396.59,564.31,554.13,505.64,425.49,838.83,294.32,1080.21,584.49
20241126-171100-406944_1-1859.png,948.86,968.48,1043.49,1029.51,898.34,933.76,850.32,997.49,940.15,970.64,999.55,997.15,686.34,674.13,656.19,642.25,775.54,800.84,796.54,617.58,407.66,433.59,513.61,582.75,821.73,378.01,1092.89,827.89
20241126-171100-406944_1-2131.png,817.05,841.31,797.33,818.43,710.53,749.83,691.37,892.35,1067.19,1065.71,1006.8,921.27,552.56,565.18,619.7,611.44,565.08,608.25,604.74,593.36,695.01,661.66,603.97,590.62,644.19,525.81,1088.42,719.68
20241126-171100-406944_1-2201.png,793.99,817.7,851.38,861.98,739.57,759.15,689.1,900.8,1064.36,1060.6,1002.74,935.07,580.33,577.78,645.75,623.94,608.9,690.36,613.4,567.39,632.17,602.15,535.6,544.73,670.6,516.82,1082.28,702.96
20241126-171100-406944_1-2250.png,800.75,790.43,737.48,745.07,840.11,843.13,909.34,753.73,915.54,882.67,815.05,762.71,629.39,645.88,617.67,641.03,590.64,548.5,560.97,683.98,820.81,812.19,784.38,729.14,706.22,521.95,953.93,845.54
20241126-171100-406944_1-2435.png,1007.38,1019.57,956.65,980.75,,915.61,849.16,1051.25,960.16,1001.28,1051.24,1060.03,363.55,383.88,419.27,425.6,,440.38,429.8,461.31,637.24,623.04,576.31,491.34,815.24,340.82,1117.12,680.88
20241126-171100-406944_1-2491.png,1040.52,1024.48,1038.5,1020.96,1125.85,1135.01,1188.3,980.51,823.91,839.65,872.97,941.25,430.73,414.24,356.39,367.73,409.03,389.78,442.6,395.58,556.75,527.62,461.06,407.65,795.88,310.72,1218.56,615.88
20241126-171100-406944_1-2634.png,1043.31,1064.67,1106.67,1105.52,978.96,1006.16,931.89,1124.35,1172.82,1189.51,1173.81,1141.85,604.65,592.84,642.0,621.01,633.64,660.87,654.76,556.68,360.73,389.44,470.59,525.25,896.26,337.36,1218.42,683.39
20241126-171100-406944_1-268.png,1184.27,1172.76,1113.29,1120.89,,1150.58,,1127.09,1048.54,1047.23,1074.49,1117.08,494.32,503.72,479.22,491.89,,440.19,,523.07,706.78,679.71,610.37,546.75,1004.36,422.91,1208.4,722.53
20241126-171100-406944_1-2808.png,1180.28,1182.52,1113.14,1135.61,1121.26,1094.95,1051.87,1178.98,1072.13,1096.91,1148.01,1179.11,554.89,576.66,592.84,606.65,501.65,533.95,503.45,646.45,787.62,770.25,726.81,670.14,1029.92,480.55,1211.47,800.48
20241126-171100-406944_1-3074.png,845.82,856.73,802.36,805.5,877.06,,928.91,846.7,951.53,946.79,919.07,871.73,477.8,495.4,467.97,492.57,408.54,,354.81,553.69,734.7,694.1,635.77,583.78,763.36,333.23,1002.47,758.49
20241126-171100-406944_1-3129.png,1077.16,1058.28,1071.03,1054.43,1179.82,1183.68,1213.96,1011.76,784.13,822.21,896.19,977.18,457.63,438.17,373.31,390.1,517.23,483.25,548.49,418.18,427.36,419.16,417.32,417.11,735.25,353.63,1237.39,566.41
20241126-171100-406944_1-3216.png,1114.58,1123.84,1176.9,1167.64,1100.67,1139.29,1098.73,1137.93,1031.83,1068.31,1100.62,1127.16,592.1,575.27,608.76,587.28,709.85,702.99,754.79,539.04,349.21,374.69,434.38,500.23,1003.64,329.36,1208.87,778.01
20241126-171100-406944_1-338.png,1163.66,1150.9,1098.63,1115.89,,1103.46,1164.73,1114.67,1087.99,1118.74,1174.26,1131.61,560.34,573.61,581.89,585.31,,469.59,460.5,626.71,771.07,763.48,713.89,643.49,1025.6,429.79,1212.53,783.78
20241126-171100-406944_1-3484.png,899.76,917.74,870.66,895.91,,842.11,818.51,965.6,1154.68,1123.1,1059.39,991.62,596.0,615.87,684.03,676.82,,634.08,600.76,662.6,748.17,750.15,667.77,664.41,794.68,572.86,1167.56,772.56
20241126-171100-406944_1-3529.png,911.52,924.98,910.53,935.18,917.32,906.54,928.14,998.54,1149.85,1118.57,1106.11,1033.56,598.18,617.89,685.32,683.07,544.11,553.08,496.63,676.87,752.33,745.88,673.15,679.2,861.98,488.13,1158.9,769.17
20241126-171100-406944_1-360.png,1074.58,1056.92,,1103.32,1143.55,1149.73,1175.03,1023.67,832.07,849.91,912.62,992.15,543.67,528.73,,480.21,622.86,529.14,646.07,483.94,583.41,556.72,501.02,478.6,808.73,449.78,1207.46,663.66
20241126-171100-406944_1-3718.png,833.96,827.39,854.56,837.34,902.44,915.81,959.22,781.17,882.42,822.26,766.23,767.46,673.76,657.97,604.03,611.94,655.86,655.02,628.8,595.89,440.6,450.69,513.83,574.37,745.57,424.74,1003.3,705.15
20241126-171100-406944_1-4029.png,,830.37,891.85,875.61,889.42,,932.05,842.93,921.18,894.18,835.76,831.65,,647.4,612.14,604.8,745.27,,817.76,585.98,400.18,417.61,481.48,557.05,794.0,385.56,974.17,837.79
20241126-171100-406944_1-4223.png,835.02,824.01,874.49,851.39,,,,778.57,809.2,782.95,740.97,757.35,702.69,686.53,629.81,631.31,,,,625.61,425.35,443.29,529.37,605.07,719.84,406.33,919.7,731.47
20241126-171100-406944_1-4334.png,754.17,749.47,837.26,815.7,,839.21,,738.61,807.49,772.59,699.87,713.09,646.85,623.72,617.12,619.26,,667.67,,575.23,427.68,440.52,489.03,559.54,672.11,416.77,885.89,710.09
20241126-171100-406944_1-70.png,814.43,828.89,801.75,824.87,728.78,720.91,716.46,889.28,953.62,932.88,928.97,913.38,405.25,415.37,451.52,458.83,450.64,470.81,502.69,475.36,678.72,649.13,573.98,501.27,694.37,389.26,975.96,700.69
20241126-171100-406944_1-858.png,782.99,789.99,742.32,756.89,748.54,702.68,769.22,815.45,1019.41,999.5,917.83,842.81,493.84,510.56,586.61,573.5,406.46,483.46,377.61,539.38,504.5,529.99,542.9,540.36,682.65,364.36,1031.66,606.98
20241126-171100-406944_1-928.png,919.3,894.17,829.81,834.78,958.08,943.17,965.47,840.33,870.54,842.99,831.82,834.1,388.2,401.43,347.12,371.92,300.11,292.47,271.79,444.0,663.82,640.88,553.98,474.4,785.32,258.49,1001.59,688.62
20241126-174231-401446_1-1160.png,838.09,834.35,754.92,764.59,791.83,732.13,807.17,819.44,949.81,937.18,871.16,828.14,569.51,597.5,599.31,616.04,487.67,506.2,424.74,657.92,818.33,777.26,748.06,684.5,704.69,408.13,974.82,836.53
20241126-174231-401446_1-1205.png,815.25,799.83,752.75,760.71,,775.62,873.46,771.1,842.92,822.62,768.66,766.02,574.49,578.3,598.51,607.49,,453.17,441.43,621.44,775.1,766.44,721.92,642.62,712.28,422.04,889.27,792.92
20241126-174231-401446_1-1343.png,1102.65,1126.89,,1161.53,973.91,1070.82,947.02,1135.97,1121.2,1133.27,1151.25,1147.84,598.65,592.72,,621.32,732.59,728.52,772.64,583.03,388.43,424.41,489.07,548.67,927.9,377.79,1178.43,789.5
20241126-174231-401446_1-1436.png,935.21,961.33,924.99,947.31,844.83,,,1029.87,1225.52,1214.48,1135.51,1064.74,683.53,690.14,756.98,750.8,713.8,,,706.13,649.09,669.51,699.25,700.72,795.92,637.74,1236.75,786.15
20241126-174231-401446_1-1485.png,1003.74,1018.47,1000.87,1018.57,906.42,891.84,828.24,1067.61,1228.42,1192.86,1167.27,1101.23,670.62,682.93,751.38,744.55,699.92,752.94,701.88,716.03,638.92,629.33,692.75,719.22,797.88,614.66,1250.16,778.08
20241126-174231-401446_1-1681.png,723.92,724.55,793.62,773.29,766.52,812.78,873.88,713.24,785.98,750.66,690.58,698.3,605.05,587.12,567.14,557.14,667.57,640.52,651.14,521.93,342.32,365.09,435.01,490.16,672.54,334.39,887.98,685.72
20241126-174231-401446_1-1822.png,926.23,920.67,851.13,858.1,889.61,838.17,874.83,902.67,928.53,928.51,915.24,906.41,418.45,441.13,431.29,452.01,315.21,303.39,294.4,499.42,694.78,662.35,595.41,533.64,804.5,269.94,958.42,713.81
20241126-174231-401446_1-1917.png,924.98,912.04,816.58,825.88,,,952.92,851.36,911.94,893.73,853.8,846.29,415.14,433.47,406.04,431.13,,,306.69,479.94,694.99,666.86,590.38,505.72,782.19,280.56,980.26,719.66
20241126-174231-401446_1-2030.png,891.21,873.96,930.33,907.88,1061.04,1001.14,1106.12,849.2,681.33,697.59,747.15,811.76,382.36,368.05,305.1,303.53,373.44,326.18,341.03,331.67,430.29,399.31,349.28,321.39,661.27,283.43,1126.62,446.6
20241126-174231-401446_1-2426.png,1045.02,1033.33,979.1,981.89,1105.73,1057.09,1089.35,975.77,771.23,805.13,885.45,954.98,690.53,699.51,650.43,671.55,586.45,573.03,535.19,723.1,758.84,771.38,781.13,747.96,740.24,517.59,1128.03,803.55
20241126-174231-401446_1-2512.png,1100.56,1083.91,,1023.57,,1071.24,1139.95,1042.94,891.94,930.24,992.61,1033.82,578.25,594.12,,557.18,,475.62,355.95,619.0,736.23,729.95,697.65,646.46,854.25,341.89,1164.49,758.44
20241126-174231-401446_1-2742.png,1055.3,1032.23,1010.83,1009.52,1117.39,1108.63,1169.73,959.51,750.87,778.53,854.36,917.56,582.38,577.47,506.7,527.56,514.54,477.75,509.88,578.6,586.81,614.33,624.03,596.02,735.44,454.2,1194.49,641.47
20241126-174231-401446_1-2762.png,1052.01,1035.21,1011.02,1008.83,1118.82,1106.01,1168.53,966.78,754.56,789.52,864.14,939.08,583.37,578.58,511.07,528.65,514.87,478.74,507.02,577.76,593.22,618.92,620.77,589.01,741.9,453.75,1184.52,639.49
20241126-174231-401446_1-2848.png,1031.95,1039.97,,1005.09,,934.34,857.11,1044.95,974.3,1019.3,1056.39,1055.51,399.8,420.29,,484.73,,383.4,313.48,479.22,670.2,641.85,582.05,512.41,832.4,294.46,1078.99,683.25
20241126-174231-401446_1-2867.png,,833.62,847.92,854.7,752.28,776.92,731.82,882.61,1063.46,1058.77,992.11,907.62,,338.71,411.9,388.49,418.78,464.06,521.71,347.24,413.19,391.89,335.44,335.76,705.36,308.7,1076.58,540.79
20241126-174231-401446_1-2975.png,801.36,794.51,868.01,845.71,856.93,871.44,,807.86,755.8,755.7,771.22,796.28,702.6,675.88,663.44,653.03,764.28,752.89,,622.49,418.03,443.89,526.19,597.99,717.82,398.66,895.37,776.67
20241126-174231-401446_1-3052.png,770.39,761.9,818.3,800.77,825.37,861.56,900.6,749.16,784.09,756.83,709.14,729.52,625.78,609.79,552.89,555.23,672.81,666.87,705.01,544.32,350.61,362.51,445.87,513.04,681.96,335.81,917.02,717.63
20241126-174231-401446_1-3267.png,771.43,765.95,820.39,797.47,820.46,860.28,829.45,746.44,751.8,727.24,693.65,723.91,623.79,608.74,554.29,556.64,672.73,635.24,724.84,547.81,349.91,372.71,446.79,525.59,670.86,339.03,908.31,747.11
20241126-174231-401446_1-3447.png,1041.13,1021.35,965.52,967.64,1033.89,990.56,,985.13,853.24,886.1,938.91,974.98,392.98,407.07,369.36,391.44,308.98,303.13,,435.8,584.71,576.98,527.86,467.67,835.95,285.75,1069.62,598.22
20241126-174231-401446_1-3627.png,918.01,913.77,992.39,982.65,959.37,,944.35,922.46,739.9,765.82,834.05,898.23,367.92,350.45,333.48,315.97,412.69,,493.88,290.2,337.81,313.26,280.1,268.15,727.33,249.56,1058.77,509.95
20241126-174231-401446_1-4122.png,885.63,909.51,928.39,942.75,840.42,852.94,804.62,990.0,1189.73,1169.62,1086.96,1017.84,636.24,635.8,702.14,689.51,669.69,712.13,724.55,617.23,578.52,571.77,578.82,605.69,781.71,526.96,1214.84,748.89
20241126-174231-401446_1-4149.png,886.27,904.88,929.31,944.62,834.25,850.95,791.6,982.59,1190.32,1166.5,1081.87,1016.96,636.27,633.46,703.52,687.83,674.51,720.11,742.73,617.38,579.84,573.12,579.76,604.0,763.16,543.72,1211.47,766.27
20241126-174231-401446_1-4488.png,1091.46,1106.86,1170.35,1172.56,,1123.97,1085.1,1149.91,1196.27,1166.66,1155.89,1151.22,638.74,628.63,681.42,661.89,,739.8,739.7,586.75,376.36,389.04,468.9,542.92,1034.88,360.57,1259.57,765.0
20241126-174231-401446_1-4874.png,1071.44,1080.38,1149.11,1145.24,1075.91,1116.73,1044.34,1118.73,954.26,979.0,1057.88,1118.94,490.65,478.18,498.01,480.69,558.79,586.07,607.84,426.45,380.78,367.85,349.54,403.38,936.24,320.32,1176.98,625.34
20241126-174231-401446_1-4943.png,1128.39,1146.14,1134.55,1142.89,1055.99,,970.31,1189.06,1179.1,1196.51,1231.31,1216.59,501.55,511.15,577.77,561.91,540.65,,494.17,523.26,343.62,370.81,440.42,510.45,939.75,312.17,1264.58,623.0
20241126-174231-401446_1-5257.png,844.81,871.33,903.21,905.0,792.37,816.25,741.12,926.09,1136.62,1107.9,1026.21,949.53,322.34,312.26,383.88,361.27,375.7,403.28,410.19,302.05,304.25,286.13,262.03,280.5,719.2,245.85,1153.86,446.46
20241126-174231-401446_1-564.png,932.69,923.84,979.8,955.22,,1033.05,1082.08,916.67,917.33,904.06,887.53,900.29,700.94,680.5,609.2,604.2,,721.43,777.38,610.72,407.24,442.76,517.71,578.15,862.13,390.29,1097.5,795.9
20241126-174231-401446_1-766.png,,1173.05,1101.99,1116.56,1153.36,1090.09,1073.64,1151.66,1006.33,1037.8,1109.39,1155.37,,627.25,629.27,650.53,524.49,555.24,468.52,684.22,821.14,814.58,776.79,722.07,980.56,450.58,1206.13,837.54
20241126-174231-401446_1-93.png,1149.77,1133.54,1042.47,1043.9,1163.57,1155.6,1185.92,1058.91,870.58,888.16,954.13,1034.59,584.89,600.61,604.31,622.79,542.84,454.47,388.08,631.84,637.9,654.63,670.39,648.03,852.07,364.4,1237.25,691.91
20241126-174231-401446_1-931.png,802.95,785.87,812.37,790.83,939.15,939.42,1013.93,762.24,692.07,680.93,697.59,728.96,715.76,707.29,641.74,655.84,716.71,680.37,664.23,675.66,498.64,532.19,599.77,663.23,660.47,490.62,1029.6,742.94
20241126-174653-401447_1-117.png,917.88,915.04,963.11,950.95,,1076.97,1169.14,925.46,741.88,768.66,844.61,902.58,527.21,503.71,451.6,453.55,,557.45,610.61,465.87,426.88,407.07,406.68,446.59,722.51,393.55,1189.85,643.04
20241126-174653-401447_1-1214.png,742.11,753.4,824.11,811.32,,748.58,674.14,804.32,667.84,667.41,701.59,788.79,555.35,535.31,540.52,526.79,,648.58,557.52,485.85,569.67,538.06,475.97,461.97,649.78,438.14,863.15,664.97
20241126-174653-401447_1-1484.png,826.04,810.97,787.47,771.29,864.83,855.03,872.13,730.3,683.3,681.92,675.4,700.82,636.68,647.6,573.19,593.19,567.71,553.02,551.79,639.45,432.71,469.29,562.03,626.44,655.79,418.67,889.87,669.32
20241126-174653-401447_1-1737.png,825.33,803.06,785.18,766.0,849.22,842.0,874.06,732.37,682.06,683.64,675.93,708.05,636.89,642.07,578.25,599.52,579.22,568.13,558.82,638.66,430.99,460.89,555.8,630.25,641.14,412.11,902.98,679.75
20241126-174653-401447_1-2209.png,986.46,967.04,1009.76,987.38,1082.44,1110.71,1176.96,934.78,723.48,752.17,833.31,910.8,490.65,483.89,413.29,414.57,482.72,426.72,422.97,429.49,434.59,413.41,394.87,415.57,702.68,377.45,1192.25,512.1
20241126-174653-401447_1-2265.png,1082.71,1068.11,1061.85,1048.73,1181.91,1147.85,,1033.11,840.46,870.75,937.31,1000.32,479.67,473.15,408.2,417.76,445.9,387.12,,452.08,511.81,498.62,482.62,461.75,830.85,372.12,1202.57,526.96
20241126-174653-401447_1-2462.png,1048.47,1028.66,975.72,975.84,1061.4,1027.84,1045.61,962.52,817.08,801.17,830.33,926.34,492.07,492.16,423.48,451.35,355.55,378.16,320.05,502.31,609.05,582.3,525.87,523.9,774.83,294.06,1095.0,628.16
20241126-174653-401447_1-2575.png,1038.28,1045.92,1117.64,1104.23,1115.85,1163.96,1223.9,1061.41,876.68,896.49,988.11,1050.77,424.62,409.04,416.6,397.87,523.48,494.19,541.22,366.99,324.77,306.25,293.76,341.0,856.56,267.42,1244.35,568.7
20241126-174653-401447_1-2667.png,930.93,940.67,869.74,889.73,843.98,808.28,814.76,933.41,1069.46,1056.46,1000.12,959.51,702.48,680.13,659.77,650.74,757.4,727.7,727.95,636.07,476.9,510.6,554.16,604.28,784.81,455.49,1099.82,773.0
20241126-174653-401447_1-2907.png,745.11,723.1,727.69,704.0,,785.17,864.93,686.49,823.3,794.51,732.64,696.24,621.91,622.92,546.05,559.24,,519.55,562.08,620.93,788.54,777.51,718.05,657.73,661.5,500.4,877.6,799.4
20241126-174653-401447_1-2970.png,747.72,739.47,785.58,752.93,,826.84,895.41,694.33,772.18,740.24,702.68,678.69,617.1,604.79,527.67,524.33,,547.5,588.14,558.56,752.85,730.98,676.29,586.45,648.54,510.09,910.24,762.82
20241126-174653-401447_1-3082.png,833.83,815.0,776.46,771.69,856.4,821.8,869.72,762.4,720.51,694.77,682.89,734.9,452.58,465.28,404.36,428.51,346.9,339.47,285.22,482.27,670.25,644.43,565.46,504.52,638.07,255.48,921.57,687.9
20241126-174653-401447_1-3402.png,945.17,932.19,951.2,939.5,1094.0,1049.62,1171.48,908.44,831.18,820.06,834.88,871.29,759.3,747.83,685.21,686.26,754.47,732.31,716.6,705.77,510.35,551.69,634.06,683.03,777.1,488.3,1200.93,787.55
20241126-174653-401447_1-3464.png,1087.63,1066.09,1078.11,1058.86,1140.26,1120.97,1156.28,992.6,835.18,833.18,882.22,950.02,743.06,739.6,648.22,669.13,695.45,654.47,645.12,696.67,608.67,647.29,695.32,692.6,806.32,589.92,1169.53,763.23
20241126-174653-401447_1-3667.png,830.51,852.06,840.45,860.56,721.99,736.32,682.92,903.71,1045.08,1053.24,1009.65,936.45,352.83,357.1,427.73,413.51,409.91,461.42,464.79,386.03,519.13,479.92,412.98,387.97,661.59,334.36,1064.16,533.92
20241126-174653-401447_1-3745.png,708.17,728.65,797.52,781.8,761.57,816.47,863.77,763.8,873.85,837.05,777.36,762.8,578.6,574.24,569.13,558.92,716.68,725.74,788.39,551.4,394.83,388.85,458.59,515.26,686.37,372.68,890.41,805.81
20241126-174653-401447_1-3804.png,730.54,740.56,839.33,823.93,775.85,818.56,835.93,787.8,907.44,878.3,814.34,799.98,644.99,614.41,657.27,638.58,706.56,689.27,723.09,560.24,436.2,413.89,462.23,523.65,715.96,392.25,924.77,740.66
20241126-174653-401447_1-384.png,852.63,834.53,772.35,788.45,969.22,887.83,1011.66,806.68,778.27,777.5,781.61,791.54,406.28,407.14,376.28,391.09,297.09,271.82,252.83,417.02,627.26,579.47,531.01,460.45,715.84,229.14,1038.01,644.37
20241126-174653-401447_1-39.png,778.56,762.34,695.24,703.53,,744.27,797.26,727.0,851.78,805.75,756.08,730.34,537.51,542.87,513.55,527.58,,368.5,309.08,553.65,708.63,691.76,646.85,594.48,660.18,293.47,866.01,736.94
20241126-174653-401447_1-3952.png,800.53,771.58,801.87,783.19,880.1,875.96,928.25,731.59,774.02,743.99,703.5,707.63,660.93,653.58,590.91,594.83,639.44,592.18,591.17,605.54,414.55,441.75,512.83,582.54,677.48,399.66,958.88,681.06
20241126-174653-401447_1-3976.png,839.62,810.13,804.64,786.52,882.18,876.49,948.27,744.54,739.76,718.65,695.37,715.82,653.02,654.53,594.19,591.48,636.29,593.27,555.93,622.01,425.89,465.96,540.94,604.08,679.26,410.7,964.3,666.74
20241126-174653-401447_1-4235.png,989.89,995.81,1066.96,1059.18,1016.08,1072.52,1060.59,1021.91,815.34,853.63,923.13,1001.8,344.79,326.29,332.43,320.6,422.61,419.14,477.17,277.74,299.69,282.55,246.89,255.59,797.7,229.73,1099.97,492.24
20241126-174653-401447_1-4376.png,988.42,1008.58,961.21,989.06,913.63,892.24,865.79,1048.3,1047.14,1068.46,1096.59,1079.84,396.33,407.13,466.14,463.53,398.38,426.71,373.04,451.96,263.13,295.98,361.04,436.38,847.48,255.09,1111.25,509.89
20241126-174653-401447_1-445.png,878.35,855.06,820.54,820.87,974.78,936.8,967.28,806.91,677.2,703.2,738.05,785.05,407.76,402.01,325.57,348.34,321.18,288.69,253.84,400.53,511.29,491.89,465.27,420.86,657.3,240.67,1012.27,527.04
20241126-174653-401447_1-4613.png,914.94,933.55,944.66,954.74,883.42,895.35,834.66,1006.79,1066.19,1097.06,1116.03,1037.87,375.41,374.51,452.08,435.25,430.31,475.22,505.15,374.54,264.48,279.08,339.5,369.92,809.83,246.63,1143.92,526.14
20241126-174653-401447_1-4656.png,915.0,937.99,943.17,954.34,882.16,895.13,832.46,1005.51,1067.75,1094.38,1116.97,1033.98,375.24,373.45,451.56,433.1,427.74,471.51,508.64,373.89,264.07,276.64,337.46,369.8,799.25,249.18,1138.12,527.2
20241126-174653-401447_1-4892.png,891.22,891.04,975.21,964.19,901.07,957.18,,929.21,1067.77,1084.77,1047.28,945.39,434.69,413.15,420.9,405.33,481.02,471.32,,355.28,264.32,278.82,326.58,334.76,858.4,250.36,1109.47,557.86
20241126-174653-401447_1-623.png,1005.17,1009.59,1078.51,1064.94,1057.58,1104.92,1150.63,1021.69,978.56,984.9,995.15,1013.45,659.04,640.62,634.22,613.58,755.71,697.36,742.21,577.24,356.38,395.87,474.48,535.98,970.11,341.54,1169.38,781.83
20241126-174653-401447_1-837.png,942.99,926.73,861.29,881.01,814.99,771.34,778.92,919.01,1108.63,1088.1,1022.11,949.17,654.34,672.57,706.84,711.07,620.98,623.44,553.31,722.67,686.92,716.7,745.67,741.81,743.64,541.62,1124.8,766.18
20241126-174653-401447_1-862.png,783.78,762.35,747.35,740.62,839.6,797.02,889.77,712.98,847.05,810.37,741.05,704.45,633.81,629.06,564.31,584.0,554.33,525.25,525.83,627.13,778.52,772.85,722.04,655.25,670.62,498.6,902.3,801.87
20241126-172125-405219_1-1317.png,921.65,936.45,918.16,922.84,801.49,810.92,792.13,991.98,1055.94,1068.66,1066.51,1028.35,498.02,510.89,585.83,570.02,539.52,580.28,497.06,542.29,363.39,400.39,472.79,521.96,772.69,349.83,1088.95,624.65
20241126-172125-405219_1-1565.png,1055.96,1036.59,974.39,971.05,1112.4,1085.32,1091.13,986.91,851.57,868.19,913.65,961.98,500.25,505.06,475.83,492.64,416.06,363.14,280.85,530.34,704.07,658.38,609.17,557.38,823.92,254.19,1143.22,722.4
20241126-172125-405219_1-1598.png,930.79,915.31,974.41,955.02,,,1061.53,861.97,736.41,726.89,746.21,817.05,564.13,552.16,477.38,486.29,,,583.24,499.6,655.46,612.55,539.7,502.42,698.46,436.35,1094.21,677.98
20241126-172125-405219_1-1650.png,944.13,960.35,1002.69,990.43,911.34,896.01,815.16,1013.61,943.13,975.88,1010.42,1028.1,493.52,489.28,523.55,507.7,557.74,599.09,568.51,472.42,287.53,306.69,368.55,443.02,796.6,269.31,1056.12,626.27
20241126-172125-405219_1-1670.png,941.96,960.64,955.87,969.26,,846.2,846.48,1013.82,1115.41,1119.57,1108.13,1045.08,492.64,495.37,576.6,567.89,,507.12,422.05,556.83,412.81,434.38,517.53,558.01,809.16,403.25,1133.8,595.54
20241126-172125-405219_1-188.png,874.57,893.6,984.48,981.82,869.08,,994.0,949.76,1103.01,1083.37,1005.46,963.86,622.58,619.63,640.58,616.66,702.96,,770.91,545.31,387.83,411.1,463.07,515.55,840.95,374.41,1128.31,780.1
20241126-172125-405219_1-1884.png,913.51,882.59,854.33,845.58,946.42,949.27,1017.41,809.05,872.97,845.21,791.99,791.27,558.6,561.15,487.66,505.38,473.91,453.18,480.85,550.96,727.98,716.74,659.02,572.55,762.62,425.3,1031.09,742.69
20241126-172125-405219_1-1933.png,862.7,870.77,965.27,954.39,983.14,981.23,1035.3,893.38,756.34,753.88,796.28,873.34,518.55,505.99,511.9,497.57,637.51,563.39,668.91,465.61,523.41,491.1,427.36,440.67,738.0,409.87,1052.05,689.61
20241126-172125-405219_1-231.png,1098.45,1077.95,1052.7,1052.23,1193.11,1164.1,1216.36,1032.81,838.29,859.96,927.08,1001.71,653.12,651.73,580.39,607.7,551.33,555.62,467.8,651.23,576.36,601.49,654.38,663.01,825.04,454.05,1242.66,683.84
20241126-172125-405219_1-2390.png,1132.72,1114.12,1118.65,1096.42,1198.06,1201.67,,1049.33,813.64,849.47,936.18,1011.89,578.31,570.72,510.5,521.35,595.99,518.78,,546.66,573.58,562.61,560.22,553.8,799.39,480.6,1221.98,629.75
20241126-172125-405219_1-2519.png,1073.25,1055.76,1056.55,1039.36,1134.97,1111.0,1160.69,962.55,720.81,750.23,842.65,929.65,595.34,582.97,498.62,506.61,528.56,498.9,481.25,551.1,544.14,545.77,560.6,553.43,695.08,467.3,1177.33,640.48
20241126-172125-405219_1-2876.png,981.18,1001.67,976.61,996.31,917.41,885.38,859.71,1071.26,1250.69,1249.08,1176.0,1099.83,439.18,462.82,534.55,530.18,461.88,484.74,477.36,517.69,553.86,582.71,566.43,526.5,846.52,408.41,1269.11,616.23
20241126-172125-405219_1-293.png,1012.62,1034.54,1067.26,1067.48,970.1,1004.37,986.93,1057.71,1201.3,1192.64,1145.49,1077.81,561.18,563.93,622.65,597.81,712.27,686.52,792.27,541.86,615.2,581.01,517.38,521.15,935.41,486.37,1226.75,811.62
20241126-172125-405219_1-3109.png,813.54,831.63,825.13,848.15,745.58,,719.49,928.72,1139.85,1120.4,1040.57,951.02,602.06,606.74,519.17,532.26,565.78,,500.03,570.57,460.31,475.7,534.37,564.81,710.74,449.65,1156.54,638.57
20241126-172125-405219_1-3315.png,878.6,863.89,797.75,806.86,845.43,887.15,,807.85,990.34,959.65,876.27,813.75,562.62,569.01,572.5,583.57,497.99,448.65,,610.52,672.54,666.37,670.74,635.74,758.26,421.5,1010.3,688.73
20241126-172125-405219_1-3476.png,1127.83,1127.49,1198.79,1182.82,1141.81,,1115.14,1132.0,980.6,1003.17,1068.17,1120.37,630.94,603.39,600.55,573.39,732.68,,734.87,530.42,351.47,374.02,432.31,506.09,964.86,339.03,1235.72,759.04
20241126-172125-405219_1-3519.png,1050.8,1048.68,1131.28,1101.92,1139.74,1184.3,1161.0,1011.57,809.42,845.0,915.35,981.08,542.66,521.72,491.15,470.37,570.26,565.13,608.59,451.32,353.33,359.18,399.77,432.07,782.78,324.11,1206.37,626.0
20241126-172125-405219_1-3709.png,1031.05,1040.08,1122.17,1112.22,1058.48,1108.17,1110.01,1103.29,927.1,951.33,1052.71,1116.31,400.08,384.26,416.59,398.03,463.97,478.94,522.9,327.85,240.63,241.41,256.37,309.46,908.07,212.91,1157.45,552.97
20241126-172125-405219_1-4064.png,942.19,918.59,911.69,907.14,980.83,964.07,1049.71,838.58,697.41,721.53,772.01,807.14,447.81,449.92,355.63,372.22,377.13,359.52,409.63,452.59,642.76,608.14,542.79,474.59,676.59,336.88,1072.73,667.52
20241126-172125-405219_1-4263.png,894.58,910.12,923.25,939.16,821.82,810.27,767.53,983.15,903.74,936.82,1003.7,1001.65,364.74,358.51,432.17,417.92,383.01,418.06,443.12,378.19,254.31,257.28,293.76,362.94,735.75,232.02,1035.04,468.67
20241126-172125-405219_1-4366.png,914.72,937.96,922.46,942.46,868.63,869.85,841.66,1021.64,971.3,992.34,1071.88,1043.24,355.69,351.47,431.55,418.95,384.85,407.04,402.17,371.25,239.91,240.39,286.24,359.22,829.32,229.65,1090.33,473.26
20241126-172125-405219_1-446.png,972.69,972.39,890.27,907.07,864.01,864.53,825.46,957.65,1015.69,1011.81,1001.96,969.7,389.76,415.74,398.15,416.69,298.68,352.95,310.63,470.65,696.09,661.53,571.51,493.47,801.73,281.68,1045.14,716.96
20241126-172125-405219_1-4545.png,913.28,929.36,925.89,940.61,,,,1009.39,964.19,992.62,1065.54,1034.99,356.54,350.26,429.3,416.5,,,,368.9,240.13,241.99,288.02,362.2,843.44,221.08,1097.99,474.64
20241126-172125-405219_1-481.png,994.06,977.78,887.61,895.9,946.91,890.93,955.14,922.26,879.24,885.34,910.19,919.17,443.05,457.97,398.02,417.7,363.29,350.39,321.97,518.03,732.67,696.11,614.99,545.11,859.5,302.76,1015.81,752.59
20241126-172125-405219_1-4848.png,972.16,948.82,932.45,919.7,1028.97,1029.27,1075.14,873.31,940.9,903.55,842.67,843.5,416.98,414.65,331.9,351.22,393.49,341.34,418.65,388.63,490.54,508.03,497.29,408.37,794.03,303.84,1086.12,524.87
20241126-172125-405219_1-4865.png,954.28,952.13,997.33,982.94,1027.87,1101.25,1099.72,946.27,860.69,832.49,834.23,897.9,393.41,373.61,332.62,331.26,441.28,487.74,544.25,339.34,445.43,424.41,352.32,326.69,799.32,312.51,1124.14,561.09
20241126-172125-405219_1-4973.png,1044.93,1036.68,1103.28,1085.45,1117.6,1146.06,,1004.57,842.31,841.17,882.02,969.5,502.52,484.07,451.94,438.11,535.65,492.63,,422.65,505.82,469.28,401.05,405.95,816.56,367.86,1166.23,555.13
20241126-172125-405219_1-5245.png,1016.73,1013.93,1072.89,1054.18,,,1068.31,975.33,747.97,779.06,861.51,951.46,477.8,456.52,419.68,411.42,,,558.41,386.24,341.55,342.22,324.05,371.54,734.19,310.61,1097.95,573.28
20241126-172125-405219_1-765.png,814.24,821.23,891.44,866.62,921.97,,997.51,804.94,747.74,760.58,761.75,788.22,633.9,616.68,605.08,591.73,716.17,,664.85,566.2,337.77,370.99,465.25,538.88,725.15,320.3,1021.06,733.14
20241126-172125-405219_1-913.png,1034.77,1053.72,1105.83,1106.63,1001.13,1073.13,1054.45,1108.53,1227.03,1227.56,1200.59,1127.89,551.62,553.89,603.84,585.57,661.46,707.27,743.66,530.6,603.88,576.46,503.81,512.6,967.63,468.47,1257.97,770.85
20241126-172821-405221_1-100.png,889.24,902.1,846.31,875.83,804.21,,837.54,937.16,1116.33,1111.36,1066.52,966.11,429.1,450.04,510.42,513.82,534.04,,610.48,482.9,621.83,596.09,518.95,484.55,758.02,404.04,1131.89,639.8
20241126-172821-405221_1-1737.png,911.27,912.02,1010.18,983.64,,,982.86,898.34,743.65,734.24,789.23,884.19,721.15,694.95,694.98,690.54,,,776.88,626.19,523.56,536.0,593.22,610.2,699.5,510.02,1033.59,792.8
20241126-172821-405221_1-1822.png,845.34,838.46,751.53,761.89,791.83,776.05,812.82,802.57,1018.46,966.37,882.9,815.84,486.53,504.85,494.08,511.12,383.27,361.8,308.75,544.02,643.35,654.99,635.65,572.09,727.42,292.99,1048.15,682.46
20241126-172821-405221_1-1903.png,993.91,970.68,957.16,942.5,,,1104.64,897.06,844.86,829.42,817.3,874.78,361.41,362.76,303.64,314.72,,,355.28,373.21,610.27,582.05,498.27,389.53,795.07,277.82,1120.82,622.65
20241126-172821-405221_1-2169.png,1196.5,1179.96,1134.05,1129.91,,1177.14,1178.68,1110.8,927.71,931.95,1016.08,1097.23,576.85,585.91,527.19,555.34,,480.71,399.53,619.81,663.41,693.49,717.0,640.4,903.06,382.58,1227.61,745.43
20241126-172821-405221_1-2447.png,989.0,996.14,1060.46,1054.2,1005.95,1058.81,995.76,1030.29,857.97,874.5,936.79,1022.37,384.72,367.11,398.93,379.39,456.13,459.77,547.47,321.79,348.97,321.73,280.99,295.8,842.58,256.75,1093.64,560.02
20241126-172821-405221_1-2485.png,936.24,957.95,964.32,987.91,868.91,,803.14,1026.4,991.65,1022.36,1086.61,1060.19,470.46,469.44,387.22,399.91,435.85,,455.87,442.99,281.26,293.79,367.99,438.21,784.41,273.4,1099.28,497.62
20241126-172821-405221_1-2911.png,782.84,782.39,706.35,724.76,,,,783.96,912.16,902.33,878.15,800.82,427.02,446.09,488.28,482.08,,,,470.84,665.61,633.02,571.11,488.79,672.21,368.69,932.4,686.88
20241126-172821-405221_1-3030.png,762.17,761.66,829.95,824.4,797.9,816.56,843.38,790.26,906.71,879.67,805.98,791.83,628.14,604.26,616.46,588.03,682.28,679.31,705.62,540.24,329.92,336.27,424.62,506.84,707.25,304.78,930.38,723.6
20241126-172821-405221_1-3526.png,789.71,796.58,732.44,746.36,,,788.41,805.53,1059.65,1034.25,915.43,822.35,542.75,577.3,584.38,610.25,,,481.85,656.15,645.56,657.4,682.02,666.0,705.44,471.56,1074.86,700.81
20241126-172821-405221_1-3602.png,790.83,795.7,731.91,733.06,,,776.8,802.17,1059.01,1034.06,928.43,821.32,547.0,581.3,584.13,606.32,,,492.97,653.88,649.02,658.96,683.89,668.33,712.31,478.57,1074.25,691.48
20241126-172821-405221_1-3773.png,789.29,801.94,756.25,777.1,,,729.22,854.35,1070.89,1044.58,948.3,887.2,546.26,567.62,623.9,627.64,,,554.83,615.82,672.26,692.57,691.42,622.91,706.12,514.11,1080.98,722.92
20241126-172821-405221_1-4119.png,1108.0,1088.95,1067.67,1050.46,1134.04,1102.21,1136.56,1010.48,816.9,830.39,887.27,973.63,539.89,544.23,472.03,490.46,450.18,434.67,389.69,550.47,444.74,488.14,558.58,569.85,784.45,376.5,1181.79,594.85
20241126-172821-405221_1-4154.png,1121.53,1095.59,1097.33,1074.61,,1163.45,1189.0,1023.14,790.07,809.4,899.93,979.24,501.48,499.77,416.99,428.96,,469.37,522.72,480.73,514.39,545.26,541.11,495.12,778.7,392.6,1201.3,575.56
20241126-172821-405221_1-4169.png,1099.54,1087.75,1160.05,1139.07,1175.58,,1219.95,1065.43,824.51,859.74,931.86,1032.78,557.1,533.49,493.24,482.59,585.37,,639.37,492.22,570.48,570.66,508.19,483.21,800.92,460.97,1238.82,659.05
20241126-172821-405221_1-4239.png,819.81,845.6,867.78,881.81,772.78,783.61,735.18,908.63,943.15,969.9,973.51,932.79,607.96,607.5,663.89,646.38,635.47,664.67,639.64,587.47,362.81,386.04,481.03,556.64,720.14,346.76,1011.48,698.76
20241126-172821-405221_1-429.png,861.54,872.18,839.59,854.94,721.39,750.64,689.21,900.55,1090.9,1080.65,1013.38,931.22,376.45,389.48,473.8,459.04,489.21,537.71,579.67,424.93,513.83,485.22,420.34,416.0,665.49,358.6,1106.98,598.43
20241126-172821-405221_1-4324.png,960.01,937.44,864.17,859.58,1007.74,984.82,1030.11,871.96,1003.94,965.27,882.15,863.77,381.6,389.28,336.35,367.99,316.01,307.85,316.76,435.08,606.64,606.67,552.24,463.58,828.96,289.87,1043.74,623.97
20241126-172821-405221_1-49.png,931.06,922.28,845.69,868.0,814.99,782.34,732.38,919.4,832.09,850.29,925.57,932.02,486.06,504.88,510.13,515.4,359.03,430.41,396.65,536.0,638.9,636.22,605.79,549.98,709.88,339.63,974.77,648.67
20241126-172821-405221_1-4913.png,1028.88,1032.78,1097.1,1087.86,1060.88,1093.5,,1044.12,871.31,909.54,980.69,1029.98,693.93,668.26,695.51,673.07,760.69,739.08,,613.09,424.07,452.72,511.03,576.0,858.98,410.2,1127.45,775.62
20241126-172821-405221_1-495.png,774.12,792.55,844.13,854.85,784.46,822.84,812.71,850.42,1037.26,997.15,910.31,869.15,435.91,430.65,501.89,477.4,562.22,587.37,636.14,409.86,263.33,271.18,317.6,376.0,738.16,243.22,1055.55,657.38
20241126-172821-405221_1-4977.png,1034.98,1038.03,1115.83,1100.44,1071.74,1105.75,1060.13,1043.49,898.89,927.27,960.88,1024.96,689.5,666.53,669.96,647.29,736.0,728.66,757.62,603.17,393.96,418.84,524.42,574.09,865.88,369.45,1149.38,794.71
20241126-172821-405221_1-5073.png,986.3,1007.99,961.91,986.59,921.27,937.93,816.19,1042.92,944.39,964.18,1041.53,1058.2,541.64,544.09,619.94,611.77,555.44,608.73,522.55,559.16,351.6,374.7,449.63,528.77,794.28,323.21,1100.7,658.26
20241126-172821-405221_1-5127.png,945.71,932.69,859.28,865.08,935.31,892.42,952.14,885.15,1073.83,1054.81,969.54,895.01,425.06,449.94,413.08,434.94,368.69,313.18,311.75,495.93,503.09,543.88,580.93,531.37,830.51,286.61,1089.04,600.82
20241126-172821-405221_1-5250.png,915.33,936.14,982.65,987.97,845.45,912.35,799.89,993.47,883.31,917.49,991.33,1007.91,655.5,638.31,700.76,679.48,716.72,767.43,758.74,612.21,427.17,432.6,492.23,580.89,782.3,398.21,1025.72,795.55
20241126-172821-405221_1-566.png,766.13,781.7,840.18,836.0,804.65,823.29,912.89,804.19,835.21,809.49,787.22,799.44,511.2,512.79,549.37,531.47,733.11,681.87,756.34,506.51,287.34,308.45,387.52,470.26,729.57,277.34,943.15,778.49
20241126-172821-405221_1-753.png,846.32,845.07,915.81,890.55,979.81,974.91,1047.5,844.79,705.29,703.09,732.15,810.83,510.83,486.28,442.93,438.42,615.95,524.59,654.79,449.17,571.37,533.26,473.81,438.36,681.12,413.37,1071.3,673.48
20241126-172821-405221_1-793.png,957.15,957.27,1023.85,1002.52,1125.89,1142.99,1206.52,964.11,716.8,753.89,841.5,930.02,592.24,573.08,529.89,532.26,678.32,636.88,684.59,541.57,511.21,500.33,496.93,522.09,688.4,481.02,1233.69,713.7
20241126-172821-405221_1-942.png,888.02,905.45,968.88,980.3,868.36,872.46,823.23,978.98,1137.54,1135.06,1094.1,1009.51,415.07,401.96,459.88,437.05,458.01,532.3,577.39,386.3,463.81,424.93,358.67,364.47,807.4,325.1,1148.9,598.7
20241126-172821-405221_1-971.png,773.9,794.58,829.2,846.94,733.8,727.27,702.61,869.74,1123.25,1103.01,986.15,893.99,493.67,492.24,560.44,535.65,505.22,526.66,510.09,487.61,429.36,423.6,427.62,469.17,681.96,401.75,1140.34,582.72
20241126-173233-405222_1-1034.png,874.32,890.01,970.96,964.3,,,854.28,971.18,1170.15,1156.12,1062.44,993.01,584.51,569.37,599.79,580.22,,,660.37,502.59,514.09,480.83,434.34,477.76,822.06,423.33,1185.98,682.85
20241126-173233-405222_1-1083.png,856.54,841.26,768.0,784.44,785.47,751.88,776.04,819.69,1029.46,1007.13,897.72,826.54,559.86,567.99,563.81,577.9,422.65,389.83,329.77,606.5,702.73,699.4,690.63,630.4,707.23,309.17,1048.01,720.11
20241126-173233-405222_1-1195.png,884.61,885.18,966.35,941.29,979.59,1015.16,987.99,865.17,679.81,695.9,742.39,825.7,477.36,455.21,418.28,423.71,508.31,516.27,575.18,403.5,528.26,496.28,421.15,389.72,644.01,370.77,1037.77,610.6
20241126-173233-405222_1-1242.png,936.54,963.45,1013.69,1017.98,944.61,998.48,922.56,1010.58,907.54,944.73,1015.15,1027.18,622.52,616.0,684.82,656.58,767.8,752.39,791.53,596.73,392.12,403.82,459.66,565.09,883.49,371.96,1062.47,809.87
20241126-173233-405222_1-1424.png,979.72,972.9,875.33,894.76,938.29,864.99,929.95,934.35,1154.04,1122.7,1030.68,944.1,529.36,548.98,535.81,554.18,441.26,468.49,385.09,606.55,659.79,669.91,692.14,635.56,844.95,361.22,1177.85,703.67
20241126-173233-405222_1-1510.png,939.26,917.26,906.8,890.79,1010.77,1003.15,1091.71,854.53,806.64,793.39,772.79,824.38,530.5,524.96,439.88,454.09,509.99,464.71,498.38,500.93,720.95,691.48,602.4,515.43,758.92,414.28,1103.95,745.39
20241126-173233-405222_1-1690.png,980.91,959.23,1013.04,991.63,,,1084.83,898.53,668.19,684.48,760.97,869.74,547.1,536.9,471.69,474.24,,,535.11,488.32,502.11,476.9,445.41,477.45,640.69,433.07,1110.02,575.26
20241126-173233-405222_1-1766.png,851.95,877.47,939.71,941.92,797.99,817.24,773.84,924.97,899.15,929.82,971.64,945.02,579.72,575.07,632.23,610.19,678.49,714.93,729.41,561.08,334.4,354.02,443.67,531.38,745.89,309.03,987.87,754.33
20241126-173233-405222_1-1903.png,838.22,850.28,943.2,928.8,888.44,957.64,986.66,881.5,925.65,960.52,950.61,885.89,588.79,576.57,555.58,545.94,643.23,600.86,639.62,474.84,279.32,291.02,382.1,443.23,805.55,263.14,1016.35,674.8
20241126-173233-405222_1-1971.png,838.52,849.67,940.06,924.38,888.88,953.66,1001.58,877.29,928.12,964.9,953.15,886.76,591.03,580.22,552.08,535.42,643.61,603.41,648.84,477.0,279.45,295.04,378.57,440.17,808.93,261.95,1023.71,671.61
20241126-173233-405222_1-2144.png,846.08,858.68,940.22,924.81,884.0,926.84,902.0,895.68,949.36,981.93,955.24,899.69,528.5,507.5,553.82,532.6,636.96,638.25,697.27,469.43,261.68,283.09,363.75,434.13,806.53,235.22,1023.69,716.2
20241126-173233-405222_1-2639.png,976.17,963.13,1058.02,1031.71,1058.07,1081.34,1111.21,927.78,701.4,744.48,833.36,899.5,691.33,667.61,625.39,625.2,704.19,669.75,705.59,591.47,479.73,485.63,514.45,567.62,681.36,458.83,1133.58,728.49
20241126-173233-405222_1-2671.png,933.37,910.2,910.38,891.52,998.14,975.12,1010.09,832.42,676.08,708.38,747.41,799.85,649.44,637.85,560.78,575.62,582.65,561.37,534.68,607.83,463.69,445.91,522.36,596.11,656.8,424.42,1044.59,691.9
20241126-173233-405222_1-2937.png,1060.48,1044.93,994.71,1002.59,1115.15,1076.65,,1002.29,797.43,805.15,893.24,986.26,415.54,419.65,375.94,388.79,351.26,332.73,,418.3,379.01,393.7,446.5,426.78,770.4,321.05,1131.68,453.62
20241126-173233-405222_1-2971.png,1062.55,1042.43,950.47,965.39,1042.67,1007.15,1010.81,972.19,774.52,779.6,870.15,952.57,417.41,438.61,439.03,463.72,331.32,348.47,280.25,510.0,654.43,619.68,574.94,531.29,734.82,261.95,1089.2,668.83
20241126-173233-405222_1-3222.png,1027.41,1022.03,1072.49,1059.97,1060.33,1097.46,,1031.54,1062.28,1031.67,1002.17,1020.23,670.91,650.04,593.45,603.59,748.73,728.26,,608.65,391.15,414.57,488.54,577.37,970.97,362.87,1141.36,772.38
20241126-173233-405222_1-328.png,997.33,1011.44,1030.55,1034.26,906.54,974.71,966.59,1073.58,1250.78,1248.74,1198.41,1106.78,527.29,539.05,614.08,594.16,619.83,649.62,699.37,541.8,516.49,539.4,583.5,540.58,868.49,500.19,1281.14,716.96
20241126-173233-405222_1-369.png,983.14,972.12,995.54,979.68,1054.05,1128.54,1162.24,953.0,1050.27,1010.05,920.89,930.23,652.81,631.06,526.45,545.64,663.47,662.53,716.33,569.33,435.76,428.39,467.42,543.88,886.23,406.8,1186.92,740.9
20241126-173233-405222_1-3815.png,980.0,1002.63,1025.26,1033.32,898.54,973.86,874.47,1055.2,970.41,1011.01,1080.45,1079.13,495.01,485.86,574.49,553.42,616.48,600.08,662.38,484.43,297.6,308.29,371.49,453.41,847.21,272.81,1103.75,682.08
20241126-173233-405222_1-3968.png,839.22,845.96,923.17,906.31,950.57,990.34,1015.05,870.79,935.1,947.59,913.34,876.71,678.13,654.67,655.63,635.12,785.75,752.59,813.34,598.06,360.58,397.86,470.42,547.15,805.88,338.81,1045.0,842.82
20241126-173233-405222_1-4104.png,1140.89,1117.75,1095.5,1086.16,1155.7,1102.17,1112.43,1072.55,834.62,865.88,958.4,1043.02,562.13,557.68,479.0,504.77,385.65,382.8,297.72,566.54,634.93,622.55,618.54,588.91,805.88,276.81,1185.32,679.16
20241126-173233-405222_1-4228.png,766.04,778.55,801.25,804.56,693.98,756.43,715.04,826.02,1057.47,1020.97,946.96,857.94,384.89,405.24,481.06,457.69,575.25,612.66,665.39,422.16,466.49,445.39,406.81,405.62,671.69,333.18,1077.38,686.37
20241126-173233-405222_1-4551.png,878.11,885.68,948.3,944.92,890.53,920.5,886.25,952.0,1079.5,1094.29,1044.76,966.78,548.05,531.54,601.88,581.67,621.13,644.87,692.56,490.23,300.89,326.99,405.87,459.82,849.12,285.26,1134.06,714.96
20241126-173233-405222_1-4791.png,908.61,928.09,945.88,954.89,826.23,885.4,,1006.32,976.89,1008.6,1040.99,1036.81,455.53,463.24,516.48,499.96,502.57,526.23,,467.22,667.75,628.39,565.33,495.47,806.2,410.37,1063.07,683.81
20241126-173233-405222_1-4986.png,897.77,915.82,888.89,904.17,,,822.54,1002.07,925.49,954.41,1035.85,1023.41,520.16,527.78,592.64,585.55,,,564.46,579.52,759.0,755.46,690.4,600.64,802.27,479.81,1056.82,777.11
20241126-173233-405222_1-649.png,1141.34,1116.31,1069.65,1066.66,1177.13,1152.18,1159.64,1050.32,858.94,849.07,932.75,1020.33,566.51,572.96,499.05,526.07,437.88,435.74,382.36,585.88,580.23,611.56,643.11,608.25,833.09,368.54,1193.04,662.86
20241126-173233-405222_1-711.png,1120.77,1097.37,1070.48,1063.74,,1110.25,1138.32,1012.33,802.1,814.16,896.87,983.12,575.12,581.68,495.83,526.15,,485.37,454.48,613.04,749.35,720.74,661.47,632.2,785.05,438.07,1153.75,767.39
20241126-173233-405222_1-741.png,1072.21,1050.47,1072.61,1056.86,,,1164.33,976.11,804.8,805.11,835.57,940.88,605.66,600.16,500.36,525.87,,,569.98,595.38,761.23,727.01,656.88,607.13,776.62,464.31,1195.07,778.44
20241126-173233-405222_1-815.png,1079.46,1068.48,989.25,1004.76,991.16,986.87,956.8,1032.77,835.22,869.09,957.6,1023.89,481.25,508.24,505.74,523.13,330.21,415.5,289.27,549.53,675.87,649.24,638.42,581.81,800.21,253.61,1111.55,709.48
20241126-173233-405222_1-932.png,976.38,996.62,993.98,1014.98,872.35,922.49,872.24,1062.55,1093.24,1096.67,1111.69,1084.15,465.78,474.37,541.32,541.64,527.44,601.28,644.74,505.18,717.85,686.18,592.09,516.7,836.24,441.19,1144.08,752.04
20241126-173645-405223_1-1004.png,883.77,899.8,901.29,888.51,710.78,722.8,,909.19,1142.8,1117.86,1023.46,944.93,536.79,553.91,616.15,637.23,560.5,610.15,,595.7,622.85,619.71,599.12,597.07,670.47,507.73,1171.78,667.65
20241126-173645-405223_1-108.png,992.83,982.41,960.01,967.77,1175.93,1138.56,1191.47,960.93,749.56,781.12,850.53,924.14,583.55,564.26,488.88,511.9,458.16,453.28,379.79,536.29,596.6,583.32,569.76,547.37,723.42,358.4,1217.6,624.88
20241126-173645-405223_1-1100.png,936.6,921.85,884.29,887.7,1080.4,1113.37,1167.97,887.16,772.24,763.67,801.82,856.25,607.81,589.53,507.49,532.95,584.26,508.52,578.72,559.39,721.82,691.25,634.51,571.04,733.43,454.65,1198.78,739.73
20241126-173645-405223_1-1166.png,978.87,963.28,994.92,973.35,1021.28,1071.46,1007.54,922.7,686.93,703.0,803.6,881.78,621.87,608.8,516.66,519.24,702.32,625.68,734.95,531.39,604.43,574.36,527.36,519.16,663.68,482.21,1092.07,747.37
20241126-173645-405223_1-1519.png,,,935.46,923.87,1032.07,974.26,1023.84,893.18,708.68,708.4,776.15,865.83,,,620.04,644.8,613.52,571.11,468.51,682.04,599.35,623.65,684.2,687.5,681.12,452.5,1061.75,749.61
20241126-173645-405223_1-1547.png,1055.25,1038.61,972.91,974.08,1110.42,1081.77,1089.94,982.41,769.57,790.16,893.1,965.93,557.99,569.86,520.08,535.12,398.79,400.42,339.99,571.32,630.26,644.96,637.33,587.68,746.37,321.87,1139.96,666.58
20241126-173645-405223_1-1748.png,881.05,869.77,971.04,950.98,935.61,986.92,937.11,878.08,815.33,801.51,813.72,866.21,705.93,678.03,657.9,646.38,750.51,739.63,768.84,599.75,370.22,396.28,491.45,577.79,764.21,349.98,1021.95,796.72
20241126-173645-405223_1-208.png,978.12,984.82,970.34,981.56,855.67,793.59,837.93,970.92,985.98,980.28,1004.09,985.96,446.06,475.67,558.74,535.8,343.96,367.49,276.03,527.11,741.47,717.24,636.25,553.21,773.38,259.2,1028.25,760.35
20241126-173645-405223_1-2118.png,922.29,920.32,824.83,829.15,892.85,854.52,957.52,861.03,1059.53,1025.7,939.29,868.81,627.45,646.08,651.68,670.43,575.6,555.37,527.75,723.53,768.97,768.37,772.6,747.24,751.46,508.64,1082.57,790.14
20241126-173645-405223_1-2286.png,1075.21,1055.24,1112.91,1089.92,1151.65,1147.76,1176.45,996.99,817.51,809.99,855.71,972.72,521.9,507.61,440.43,439.81,482.42,445.99,462.17,451.05,485.27,466.72,400.85,440.43,778.27,386.51,1191.75,552.23
20241126-173645-405223_1-2365.png,1075.83,1058.04,1077.46,1057.45,,,1133.2,975.44,817.53,802.87,855.81,949.54,519.74,504.77,434.58,440.3,,,476.61,458.9,484.34,465.43,398.84,451.69,780.26,385.26,1153.14,560.1
20241126-173645-405223_1-2560.png,1075.38,1056.67,1077.42,1057.55,1035.58,1129.45,1007.6,1032.98,810.26,832.58,939.56,1004.26,526.96,501.83,431.48,439.59,594.25,592.7,651.01,436.14,403.15,382.92,391.49,419.81,785.86,361.78,1157.75,667.04
20241126-173645-405223_1-2698.png,1152.73,1134.22,1100.08,1093.06,1191.09,1177.76,1194.38,1043.67,808.23,840.38,937.24,1016.46,558.23,560.94,483.69,508.06,499.24,454.43,484.3,562.52,668.98,660.55,622.7,577.08,794.43,440.03,1212.05,682.82
20241126-173645-405223_1-2948.png,824.86,851.86,937.27,934.74,,,890.63,933.32,1036.99,1008.71,950.42,939.68,616.49,597.49,642.77,614.88,,,717.11,522.27,296.72,319.23,413.15,490.09,791.02,280.8,1077.38,742.57
20241126-173645-405223_1-3371.png,855.48,862.93,967.82,954.83,955.26,,1036.59,923.48,1073.76,1035.97,957.89,931.58,682.71,664.35,696.46,675.26,759.83,,786.33,609.05,406.99,417.0,491.22,578.18,833.19,390.32,1083.77,802.07
20241126-173645-405223_1-3424.png,900.39,915.71,1007.3,991.81,981.23,1037.61,,963.56,957.44,928.1,931.81,961.7,699.64,685.29,712.32,683.99,770.39,758.31,,614.84,390.22,403.54,488.48,581.21,867.01,363.09,1071.13,796.08
20241126-173645-405223_1-3566.png,895.22,882.44,805.17,815.55,953.92,907.25,1015.9,815.43,883.59,870.58,830.62,811.39,451.23,472.16,448.72,470.14,436.65,379.76,409.04,527.41,771.49,745.14,650.89,555.47,770.37,364.09,1029.3,785.29
20241126-173645-405223_1-3746.png,1119.28,1104.16,1026.91,1032.88,1034.98,1001.86,964.91,1034.07,834.26,874.92,970.24,1018.62,458.8,472.0,427.9,457.69,368.57,393.94,327.1,534.98,681.85,676.89,626.76,560.41,799.96,306.46,1155.54,696.63
20241126-173645-405223_1-3764.png,1119.81,1105.62,1025.01,1027.87,1035.89,996.84,1021.34,1029.71,833.76,869.25,955.97,1007.2,461.85,472.65,423.44,452.48,367.54,389.98,319.58,532.59,682.69,677.85,640.42,577.31,813.57,303.47,1152.44,699.62
20241126-173645-405223_1-4195.png,856.95,840.04,903.4,884.08,931.22,981.51,,807.15,703.09,700.41,722.07,774.85,479.93,473.81,405.39,407.76,490.92,446.6,,423.47,612.68,581.0,504.32,429.03,682.24,376.06,1005.4,623.27
20241126-173645-405223_1-4223.png,855.72,834.64,904.64,879.8,889.08,951.34,,804.17,665.41,666.99,693.41,786.49,478.56,463.94,403.15,407.09,489.97,439.27,,395.13,530.46,510.02,423.22,389.02,652.27,372.61,978.19,543.24
20241126-173645-405223_1-4260.png,964.56,936.66,,,,1065.73,1164.27,890.91,735.42,740.69,786.45,861.0,451.55,448.95,,,,389.04,443.69,437.45,598.83,572.01,490.79,444.23,721.68,368.86,1175.76,608.41
20241126-173645-405223_1-4286.png,1086.54,1078.48,1122.45,1103.09,1102.7,1187.91,,1041.2,826.85,842.74,925.19,1014.77,499.82,476.78,412.27,405.3,535.67,562.02,,405.4,491.09,466.9,403.2,394.99,799.73,374.35,1229.28,592.7
20241126-173645-405223_1-4305.png,1074.45,1088.63,1148.55,1147.48,1040.11,1114.49,1026.7,1116.37,933.16,986.25,1063.14,1105.93,593.02,568.32,610.01,590.79,702.18,697.66,766.34,526.18,397.91,395.46,428.87,479.17,908.66,382.1,1171.17,786.6
20241126-173645-405223_1-4313.png,1045.09,1069.06,1145.58,1133.39,1040.11,1056.18,976.91,1102.03,938.31,987.46,1055.98,1094.33,656.95,637.9,614.91,603.54,708.93,767.17,796.46,580.18,417.19,426.35,467.75,537.44,900.19,395.59,1174.63,825.14
20241126-173645-405223_1-439.png,1057.32,1053.71,988.85,967.95,980.56,,903.37,1023.92,920.2,935.55,979.7,1023.28,672.14,704.03,718.78,716.65,559.61,,604.4,750.47,773.41,777.66,779.16,765.21,882.46,540.03,1096.52,799.54
20241126-173645-405223_1-4420.png,796.48,789.05,716.06,729.25,,801.3,857.55,759.38,954.06,922.16,824.75,764.89,504.19,538.32,532.98,550.29,,400.72,419.05,589.68,710.26,711.22,681.16,617.33,682.75,384.75,983.04,742.71
20241126-173645-405223_1-4701.png,1082.81,1056.02,1075.19,1060.5,1157.39,1176.26,1198.9,1003.51,985.89,958.36,921.05,971.04,602.88,604.33,515.06,530.11,596.27,568.71,624.09,564.51,760.96,742.43,639.11,573.51,874.54,486.15,1231.31,792.8
20241126-173645-405223_1-977.png,883.5,900.1,898.9,923.77,746.35,781.9,712.03,946.83,1187.25,1161.47,1075.95,980.52,536.14,543.81,636.67,626.73,624.8,664.2,610.87,588.33,643.37,614.73,574.25,579.35,694.2,502.04,1232.57,708.23
20241126-173645-405223_1-990.png,882.63,895.28,885.76,895.77,715.84,716.12,714.62,910.24,1125.41,1095.94,1018.61,949.04,534.94,553.28,640.0,625.78,559.92,620.5,573.92,591.17,665.14,640.16,597.83,589.66,669.19,512.04,1163.18,704.15
